Kp,5,Ki,0.02,Kd,150
time,m_BallPos(0),m_BallPos(1),m_XCtrl.Output,m_YCtrl.Output,XEnc,YEnc
5.33112,39.5406,-23.2794,0,0,0,0
11.2823,39.5406,-23.2794,0,0,0,0
17.2815,39.5406,-23.2794,0,0,0,0
23.3373,39.5406,-23.2794,0,0,0,0
29.3397,39.5406,-23.2794,0,0,0,0
35.285,39.5406,-23.2794,0,0,0,0
41.2857,39.5406,-23.2794,0,0,0,0
47.3388,39.5406,-23.2794,0,0,0,0
53.3521,39.5406,-23.2794,0,0,0,0
59.2936,39.5406,-23.2794,0,0,0,0
65.2984,39.5406,-23.2794,0,0,0,0
71.3552,39.5406,-23.2794,0,0,0,0
77.2971,39.5406,-23.2794,0,0,0,0
83.4541,39.5406,-23.2794,0,0,0,0
89.4241,39.5406,-23.2794,0,0,0,0
95.3548,39.5406,-23.2794,0,0,0,0
101.48,39.5406,-23.2794,0,0,0,0
107.418,39.5406,-23.2794,0,0,0,0
113.471,39.5406,-23.2794,0,0,0,0
119.43,39.5406,-23.2794,0,0,0,0
125.362,39.5406,-23.2794,0,0,0,0
131.49,39.5406,-23.2794,0,0,0,0
137.759,39.5406,-23.2794,0,0,0,0
144.837,39.5882,-23.2803,0,0,0,0
150.584,39.5882,-23.2803,0,0,0,0
156.497,39.5882,-23.2803,0,0,0,0
162.385,39.5882,-23.2803,0,0,0,0
168.387,39.5882,-23.2803,0,0,0,0
174.331,39.5882,-23.2803,0,0,0,0
180.457,39.5882,-23.2803,0,0,0,0
186.507,39.5882,-23.2803,0,0,0,0
192.391,39.5882,-23.2803,0,0,0,0
198.462,39.5882,-23.2803,0,0,0,0
204.469,39.5882,-23.2803,0,0,0,0
210.344,39.5882,-23.2803,0,0,0,0
216.97,39.5749,-23.3052,-336.456,163.299,0,0
222.53,39.5749,-23.3052,-336.456,163.299,0,0
228.533,39.5749,-23.3052,-336.456,163.299,-5,1
234.478,39.5749,-23.3052,-336.456,163.299,-21,4
240.524,39.5749,-23.3052,-336.456,163.299,-55,16
246.474,39.5749,-23.3052,-336.456,163.299,-102,37
252.458,39.5749,-23.3052,-336.456,163.299,-163,68
258.519,39.5749,-23.3052,-336.456,163.299,-223,98
264.527,39.5749,-23.3052,-336.456,163.299,-271,120
270.499,39.5749,-23.3052,-336.456,163.299,-305,136
276.524,39.5749,-23.3052,-336.456,163.299,-325,148
282.628,39.5749,-23.3052,-336.456,163.299,-334,152
288.444,39.5749,-23.3052,-336.456,163.299,-337,153
294.442,39.5749,-23.3052,-336.456,163.299,-338,154
301.044,39.5487,-23.2739,-330.674,116.313,-339,155
307.561,39.5487,-23.2739,-330.674,116.313,-340,155
313.489,39.5487,-23.2739,-330.674,116.313,-340,153
319.505,39.5487,-23.2739,-330.674,116.313,-339,147
325.558,39.5487,-23.2739,-330.674,116.313,-339,145
331.456,39.5487,-23.2739,-330.674,116.313,-339,145
337.638,39.5487,-23.2739,-330.674,116.313,-339,145
343.507,39.5487,-23.2739,-330.674,116.313,-339,145
349.644,39.5487,-23.2739,-330.674,116.313,-339,144
355.553,39.5487,-23.2739,-330.674,116.313,-339,144
361.544,39.5487,-23.2739,-330.674,116.313,-339,143
367.655,39.5487,-23.2739,-330.674,116.313,-339,143
374.395,39.5487,-23.2739,-330.674,116.313,-339,142
380.481,38.9501,-22.8819,-380.382,113.666,-339,142
386.571,38.9501,-22.8819,-380.382,113.666,-339,140
392.656,38.9501,-22.8819,-380.382,113.666,-344,133
398.515,38.9501,-22.8819,-380.382,113.666,-355,120
404.471,38.9501,-22.8819,-380.382,113.666,-362,112
410.48,38.9501,-22.8819,-380.382,113.666,-365,110
416.517,38.9501,-22.8819,-380.382,113.666,-366,108
422.571,38.9501,-22.8819,-380.382,113.666,-367,107
428.571,38.9501,-22.8819,-380.382,113.666,-367,107
434.495,38.9501,-22.8819,-380.382,113.666,-367,106
440.492,38.9501,-22.8819,-380.382,113.666,-367,106
446.567,38.9501,-22.8819,-380.382,113.666,-368,105
452.676,38.9501,-22.8819,-380.382,113.666,-368,105
459.337,37.2384,-22.8356,-430.828,114.091,-368,104
465.492,37.2384,-22.8356,-430.828,114.091,-369,104
471.682,37.2384,-22.8356,-430.828,114.091,-378,104
477.5,37.2384,-22.8356,-430.828,114.091,-399,104
483.585,37.2384,-22.8356,-430.828,114.091,-419,104
489.579,37.2384,-22.8356,-430.828,114.091,-428,104
495.618,37.2384,-22.8356,-430.828,114.091,-430,104
501.685,37.2384,-22.8356,-430.828,114.091,-431,104
507.58,37.2384,-22.8356,-430.828,114.091,-432,104
513.504,37.2384,-22.8356,-430.828,114.091,-433,104
519.611,37.2384,-22.8356,-430.828,114.091,-433,104
525.52,37.2384,-22.8356,-430.828,114.091,-434,104
531.567,37.2384,-22.8356,-430.828,114.091,-434,104
537.529,37.2384,-22.8356,-430.828,114.091,-434,104
543.568,35.5326,-21.912,-484.047,107.852,-434,104
549.504,35.5326,-21.912,-484.047,107.852,-437,104
555.45,35.5326,-21.912,-484.047,107.852,-450,104
561.56,35.5326,-21.912,-484.047,107.852,-470,104
567.561,35.5326,-21.912,-484.047,107.852,-479,104
573.642,35.5326,-21.912,-484.047,107.852,-481,104
579.62,35.5326,-21.912,-484.047,107.852,-482,104
585.513,35.5326,-21.912,-484.047,107.852,-483,105
591.51,35.5326,-21.912,-484.047,107.852,-484,105
597.573,35.5326,-21.912,-484.047,107.852,-484,105
603.574,35.5326,-21.912,-484.047,107.852,-484,105
609.581,35.5326,-21.912,-484.047,107.852,-484,105
615.476,35.5326,-21.912,-484.047,107.852,-484,105
621.611,32.4589,-21.6315,-514.308,107.632,-484,105
627.626,32.4589,-21.6315,-514.308,107.632,-485,105
633.62,32.4589,-21.6315,-514.308,107.632,-494,105
639.722,32.4589,-21.6315,-514.308,107.632,-507,105
645.531,32.4589,-21.6315,-514.308,107.632,-512,105
651.665,32.4589,-21.6315,-514.308,107.632,-514,105
657.589,32.4589,-21.6315,-514.308,107.632,-515,105
663.663,32.4589,-21.6315,-514.308,107.632,-515,105
669.741,32.4589,-21.6315,-514.308,107.632,-515,105
675.563,32.4589,-21.6315,-514.308,107.632,-515,105
681.652,32.4589,-21.6315,-514.308,107.632,-515,105
687.627,32.4589,-21.6315,-514.308,107.632,-515,105
693.505,32.4589,-21.6315,-514.308,107.632,-515,105
700.402,28.0804,-21.7161,-534.012,108.739,-515,106
706.668,28.0804,-21.7161,-534.012,108.739,-516,106
712.667,28.0804,-21.7161,-534.012,108.739,-523,106
718.57,28.0804,-21.7161,-534.012,108.739,-530,106
724.646,28.0804,-21.7161,-534.012,108.739,-532,106
730.756,28.0804,-21.7161,-534.012,108.739,-533,106
736.573,28.0804,-21.7161,-534.012,108.739,-534,107
742.761,28.0804,-21.7161,-534.012,108.739,-535,107
748.7,28.0804,-21.7161,-534.012,108.739,-535,107
754.582,28.0804,-21.7161,-534.012,108.739,-537,107
760.649,28.0804,-21.7161,-534.012,108.739,-537,107
766.582,28.0804,-21.7161,-534.012,108.739,-537,107
772.634,28.0804,-21.7161,-534.012,108.739,-537,107
778.586,22.2594,-21.3162,-534.012,108.739,-537,107
784.591,22.2594,-21.3162,-535.453,105.826,-537,107
790.778,22.2594,-21.3162,-535.453,105.826,-537,107
796.774,22.2594,-21.3162,-535.453,105.826,-537,107
802.773,22.2594,-21.3162,-535.453,105.826,-537,107
808.67,22.2594,-21.3162,-535.453,105.826,-537,108
814.602,22.2594,-21.3162,-535.453,105.826,-537,108
820.724,22.2594,-21.3162,-535.453,105.826,-537,108
826.648,22.2594,-21.3162,-535.453,105.826,-537,108
832.789,22.2594,-21.3162,-535.453,105.826,-537,108
838.684,22.2594,-21.3162,-535.453,105.826,-537,108
844.633,22.2594,-21.3162,-535.453,105.826,-537,108
850.673,22.2594,-21.3162,-535.453,105.826,-537,108
856.541,22.2594,-21.3162,-535.453,105.826,-537,108
862.648,15.4056,-20.3927,-533.516,100.256,-537,108
868.722,15.4056,-20.3927,-533.516,100.256,-537,108
874.689,15.4056,-20.3927,-533.516,100.256,-536,108
880.706,15.4056,-20.3927,-533.516,100.256,-536,108
886.664,15.4056,-20.3927,-533.516,100.256,-536,108
892.701,15.4056,-20.3927,-533.516,100.256,-536,108
898.661,15.4056,-20.3927,-533.516,100.256,-536,108
904.664,15.4056,-20.3927,-533.516,100.256,-536,108
910.694,15.4056,-20.3927,-533.516,100.256,-536,108
916.813,15.4056,-20.3927,-533.516,100.256,-536,108
922.817,15.4056,-20.3927,-533.516,100.256,-536,108
928.695,15.4056,-20.3927,-533.516,100.256,-536,108
934.568,15.4056,-20.3927,-533.516,100.256,-536,108
941.229,8.13626,-18.6727,-503.086,90.1418,-536,108
947.643,8.13626,-18.6727,-503.086,90.1418,-535,108
953.725,8.13626,-18.6727,-503.086,90.1418,-530,107
959.733,8.13626,-18.6727,-503.086,90.1418,-519,105
965.647,8.13626,-18.6727,-503.086,90.1418,-513,104
971.648,8.13626,-18.6727,-503.086,90.1418,-512,104
977.682,8.13626,-18.6727,-503.086,90.1418,-510,104
983.773,8.13626,-18.6727,-503.086,90.1418,-509,104
989.726,8.13626,-18.6727,-503.086,90.1418,-509,104
995.713,8.13626,-18.6727,-503.086,90.1418,-509,103
1001.83,8.13626,-18.6727,-503.086,90.1418,-508,103
1007.69,8.13626,-18.6727,-503.086,90.1418,-507,102
1014.67,8.13626,-18.6727,-503.086,90.1418,-506,102
1020.74,0.0164506,-15.8811,-457.402,74.1395,-505,102
1026.67,0.0164506,-15.8811,-457.402,74.1395,-504,100
1032.64,0.0164506,-15.8811,-457.402,74.1395,-497,97
1038.65,0.0164506,-15.8811,-457.402,74.1395,-479,90
1044.59,0.0164506,-15.8811,-457.402,74.1395,-462,81
1050.7,0.0164506,-15.8811,-457.402,74.1395,-455,76
1056.71,0.0164506,-15.8811,-457.402,74.1395,-453,75
1062.65,0.0164506,-15.8811,-457.402,74.1395,-452,73
1068.7,0.0164506,-15.8811,-457.402,74.1395,-451,72
1074.71,0.0164506,-15.8811,-457.402,74.1395,-450,71
1080.76,0.0164506,-15.8811,-457.402,74.1395,-450,71
1086.7,0.0164506,-15.8811,-457.402,74.1395,-450,71
1092.66,0.0164506,-15.8811,-457.402,74.1395,-450,70
1098.67,-9.39077,-12.2734,-367.825,54.1812,-450,70
1104.67,-9.39077,-12.2734,-367.825,54.1812,-446,69
1110.62,-9.39077,-12.2734,-367.825,54.1812,-432,66
1116.62,-9.39077,-12.2734,-367.825,54.1812,-404,61
1122.68,-9.39077,-12.2734,-367.825,54.1812,-379,57
1128.62,-9.39077,-12.2734,-367.825,54.1812,-369,54
1134.73,-9.39077,-12.2734,-367.825,54.1812,-368,53
1140.62,-9.39077,-12.2734,-367.825,54.1812,-367,52
1146.7,-9.39077,-12.2734,-367.825,54.1812,-366,51
1152.78,-9.39077,-12.2734,-367.825,54.1812,-366,50
1158.63,-9.39077,-12.2734,-367.825,54.1812,-366,49
1164.75,-9.39077,-12.2734,-367.825,54.1812,-365,49
1170.63,-9.39077,-12.2734,-367.825,54.1812,-365,49
1176.63,-18.8734,-7.64474,112.135,435.797,-365,49
1182.69,-18.8734,-7.64474,112.135,435.797,-364,49
1188.77,-18.8734,-7.64474,112.135,435.797,-356,50
1194.69,-18.8734,-7.64474,112.135,435.797,-337,56
1200.78,-18.8734,-7.64474,112.135,435.797,-306,72
1206.74,-18.8734,-7.64474,112.135,435.797,-265,103
1212.83,-18.8734,-7.64474,112.135,435.797,-211,146
1218.79,-18.8734,-7.64474,112.135,435.797,-144,198
1224.91,-18.8734,-7.64474,112.135,435.797,-73,254
1230.85,-18.8734,-7.64474,112.135,435.797,-11,301
1236.85,-18.8734,-7.64474,112.135,435.797,37,343
1242.91,-18.8734,-7.64474,112.135,435.797,72,377
1248.75,-18.8734,-7.64474,112.135,435.797,96,399
1254.67,-18.8734,-7.64474,112.135,435.797,109,413
1261.42,-29.0767,-2.77643,163.454,439.761,114,419
1267.92,-29.0767,-2.77643,163.454,439.761,116,421
1273.8,-29.0767,-2.77643,163.454,439.761,127,426
1279.92,-29.0767,-2.77643,163.454,439.761,146,435
1285.8,-29.0767,-2.77643,163.454,439.761,161,442
1291.92,-29.0767,-2.77643,163.454,439.761,166,444
1297.72,-29.0767,-2.77643,163.454,439.761,167,446
1303.78,-29.0767,-2.77643,163.454,439.761,168,447
1309.78,-29.0767,-2.77643,163.454,439.761,169,447
1315.78,-29.0767,-2.77643,163.454,439.761,169,448
1321.86,-29.0767,-2.77643,163.454,439.761,169,448
1327.81,-29.0767,-2.77643,163.454,439.761,169,448
1335.01,-29.0767,-2.77643,163.454,439.761,169,448
1341.11,-39.9312,2.76856,163.454,439.761,170,449
1346.82,-39.9312,2.76856,219.55,391.339,170,449
1352.95,-39.9312,2.76856,219.55,391.339,173,448
1358.75,-39.9312,2.76856,219.55,391.339,183,443
1364.74,-39.9312,2.76856,219.55,391.339,201,433
1370.75,-39.9312,2.76856,219.55,391.339,214,424
1376.69,-39.9312,2.76856,219.55,391.339,219,421
1382.75,-39.9312,2.76856,219.55,391.339,221,419
1388.73,-39.9312,2.76856,219.55,391.339,221,418
1394.7,-39.9312,2.76856,219.55,391.339,222,418
1400.83,-39.9312,2.76856,219.55,391.339,222,417
1406.81,-39.9312,2.76856,219.55,391.339,223,416
1413.36,-50.1048,9.68745,272.045,283.05,223,415
1418.79,-50.1048,9.68745,272.045,283.05,223,414
1424.79,-50.1048,9.68745,272.045,283.05,225,406
1430.83,-50.1048,9.68745,272.045,283.05,230,385
1436.79,-50.1048,9.68745,272.045,283.05,242,349
1442.75,-50.1048,9.68745,272.045,283.05,256,313
1448.97,-50.1048,9.68745,272.045,283.05,266,288
1454.87,-50.1048,9.68745,272.045,283.05,270,278
1460.9,-50.1048,9.68745,272.045,283.05,272,275
1466.87,-50.1048,9.68745,272.045,283.05,272,274
1472.98,-50.1048,9.68745,272.045,283.05,272,273
1478.87,-50.1048,9.68745,272.045,283.05,272,272
1484.87,-50.1048,9.68745,272.045,283.05,273,272
1490.8,-50.1048,9.68745,272.045,283.05,274,272
1497.74,-50.1048,9.68745,272.045,283.05,274,271
1503.99,-58.9566,17.999,309.612,300.901,274,271
1509.85,-58.9566,17.999,309.612,300.901,274,271
1515.82,-58.9566,17.999,309.612,300.901,280,272
1521.83,-58.9566,17.999,309.612,300.901,292,275
1527.73,-58.9566,17.999,309.612,300.901,301,276
1533.9,-58.9566,17.999,309.612,300.901,305,276
1539.92,-58.9566,17.999,309.612,300.901,306,276
1545.86,-58.9566,17.999,309.612,300.901,307,276
1551.82,-58.9566,17.999,309.612,300.901,307,276
1557.83,-58.9566,17.999,309.612,300.901,307,276
1563.87,-58.9566,17.999,309.612,300.901,307,276
1569.83,-58.9566,17.999,309.612,300.901,307,277
1575.76,-58.9566,17.999,309.612,300.901,307,277
1581.85,-67.1255,26.529,351.504,158.757,307,277
1587.83,-67.1255,26.529,351.504,158.757,307,278
1594.01,-67.1255,26.529,351.504,158.757,309,274
1599.91,-67.1255,26.529,351.504,158.757,317,262
1605.76,-67.1255,26.529,351.504,158.757,328,233
1611.76,-67.1255,26.529,351.504,158.757,336,207
1617.88,-67.1255,26.529,351.504,158.757,342,194
1623.86,-67.1255,26.529,351.504,158.757,344,190
1629.96,-67.1255,26.529,351.504,158.757,345,187
1635.96,-67.1255,26.529,351.504,158.757,345,187
1641.89,-67.1255,26.529,351.504,158.757,345,186
1647.93,-67.1255,26.529,351.504,158.757,345,186
1653.78,-67.1255,26.529,351.504,158.757,345,185
1660.96,-74.5185,34.838,386.362,75.6121,345,184
1666.85,-74.5185,34.838,386.362,75.6121,345,183
1672.96,-74.5185,34.838,386.362,75.6121,347,176
1678.9,-74.5185,34.838,386.362,75.6121,354,155
1684.91,-74.5185,34.838,386.362,75.6121,364,122
1691.04,-74.5185,34.838,386.362,75.6121,374,93
1696.92,-74.5185,34.838,386.362,75.6121,380,78
1702.86,-74.5185,34.838,386.362,75.6121,383,75
1708.91,-74.5185,34.838,386.362,75.6121,384,74
1714.93,-74.5185,34.838,386.362,75.6121,385,73
1721.05,-74.5185,34.838,386.362,75.6121,385,72
1726.94,-74.5185,34.838,386.362,75.6121,385,71
1735.81,-74.5185,34.838,386.362,75.6121,385,71
1741.81,-74.5185,34.838,386.362,75.6121,385,71
1747.91,-80.5653,44.3143,413.492,-33.539,385,71
1754.07,-80.5653,44.3143,413.492,-33.539,385,69
1759.95,-80.5653,44.3143,413.492,-33.539,387,57
1765.88,-80.5653,44.3143,413.492,-33.539,393,29
1771.88,-80.5653,44.3143,413.492,-33.539,401,-3
1777.89,-80.5653,44.3143,413.492,-33.539,406,-26
1784.06,-80.5653,44.3143,413.492,-33.539,408,-35
1789.96,-80.5653,44.3143,413.492,-33.539,409,-37
1796.07,-80.5653,44.3143,413.492,-33.539,410,-39
1801.96,-80.5653,44.3143,413.492,-33.539,410,-39
1808.08,-80.5653,44.3143,413.492,-33.539,411,-39
1814.83,-80.5653,44.3143,413.492,-33.539,411,-39
1821.09,-84.6814,54.1829,431.683,-191.992,412,-39
1826.98,-84.6814,54.1829,431.683,-191.992,412,-40
1833.02,-84.6814,54.1829,431.683,-191.992,413,-50
1838.92,-84.6814,54.1829,431.683,-191.992,414,-74
1844.91,-84.6814,54.1829,431.683,-191.992,418,-113
1850.96,-84.6814,54.1829,431.683,-191.992,421,-152
1857.09,-84.6814,54.1829,431.683,-191.992,424,-179
1863.03,-84.6814,54.1829,431.683,-191.992,426,-190
1869.1,-84.6814,54.1829,431.683,-191.992,427,-193
1874.92,-84.6814,54.1829,431.683,-191.992,428,-194
1880.99,-84.6814,54.1829,431.683,-191.992,428,-194
1887.1,-84.6814,54.1829,431.683,-191.992,428,-195
1892.94,-84.6814,54.1829,431.683,-191.992,429,-195
1898.88,-87.7701,63.5425,431.683,-191.992,429,-196
1904.86,-87.7701,63.5425,444.618,-330.933,430,-196
1911.03,-87.7701,63.5425,444.618,-330.933,430,-201
1917.11,-87.7701,63.5425,444.618,-330.933,431,-219
1922.94,-87.7701,63.5425,444.618,-330.933,434,-251
1929.11,-87.7701,63.5425,444.618,-330.933,437,-290
1934.94,-87.7701,63.5425,444.618,-330.933,440,-314
1940.99,-87.7701,63.5425,444.618,-330.933,442,-325
1947,-87.7701,63.5425,444.618,-330.933,443,-327
1953.12,-87.7701,63.5425,444.618,-330.933,443,-329
1958.99,-87.7701,63.5425,444.618,-330.933,443,-329
1964.99,-87.7701,63.5425,444.618,-330.933,443,-330
1970.97,-87.7701,63.5425,444.618,-330.933,443,-330
1977.88,-87.7701,63.5425,444.618,-330.933,444,-331
1984.05,-89.7467,72.4375,452.378,-492.13,444,-331
1990.05,-89.7467,72.4375,452.378,-492.13,444,-333
1995.93,-89.7467,72.4375,452.378,-492.13,445,-343
2001.99,-89.7467,72.4375,452.378,-492.13,445,-368
2007.97,-89.7467,72.4375,452.378,-492.13,446,-410
2013.94,-89.7467,72.4375,452.378,-492.13,448,-450
2020.02,-89.7467,72.4375,452.378,-492.13,450,-476
2025.97,-89.7467,72.4375,452.378,-492.13,451,-488
2031.96,-89.7467,72.4375,452.378,-492.13,452,-492
2038.26,-89.7467,72.4375,452.378,-492.13,452,-493
2044.04,-89.7467,72.4375,452.378,-492.13,452,-493
2049.97,-89.7467,72.4375,452.378,-492.13,453,-494
2055.9,-89.7467,72.4375,452.378,-492.13,453,-494
2062.03,-90.3676,80.7739,453.03,-655.179,454,-495
2068.06,-90.3676,80.7739,453.03,-655.179,454,-496
2074.1,-90.3676,80.7739,453.03,-655.179,454,-507
2080.02,-90.3676,80.7739,453.03,-655.179,454,-534
2086.06,-90.3676,80.7739,453.03,-655.179,454,-574
2092.02,-90.3676,80.7739,453.03,-655.179,454,-613
2098.02,-90.3676,80.7739,453.03,-655.179,454,-638
2104.16,-90.3676,80.7739,453.03,-655.179,454,-651
2110.05,-90.3676,80.7739,453.03,-655.179,454,-653
2116.1,-90.3676,80.7739,453.03,-655.179,454,-654
2121.99,-90.3676,80.7739,453.03,-655.179,454,-656
2127.93,-90.3676,80.7739,453.03,-655.179,454,-656
2133.93,-90.3676,80.7739,453.03,-655.179,454,-656
2141.07,-89.5521,88.5059,446.248,-843.599,454,-656
2147,-89.5521,88.5059,446.248,-843.599,454,-656
2153.12,-89.5521,88.5059,446.248,-843.599,454,-662
2159,-89.5521,88.5059,446.248,-843.599,454,-680
2165.07,-89.5521,88.5059,446.248,-843.599,454,-717
2170.93,-89.5521,88.5059,446.248,-843.599,454,-762
2176.99,-89.5521,88.5059,446.248,-843.599,454,-801
2183,-89.5521,88.5059,446.248,-843.599,453,-825
2189.04,-89.5521,88.5059,446.248,-843.599,453,-836
2195.01,-89.5521,88.5059,446.248,-843.599,453,-839
2201,-89.5521,88.5059,446.248,-843.599,453,-840
2207.05,-89.5521,88.5059,446.248,-843.599,453,-841
2213,-89.5521,88.5059,446.248,-843.599,453,-841
2219.13,-86.5079,93.5641,426.653,-993.64,453,-842
2225.05,-86.5079,93.5641,426.653,-993.64,453,-842
2231.01,-86.5079,93.5641,426.653,-993.64,453,-850
2237.13,-86.5079,93.5641,426.653,-993.64,452,-873
2243.11,-86.5079,93.5641,426.653,-993.64,449,-911
2249.11,-86.5079,93.5641,426.653,-993.64,447,-949
2255.05,-86.5079,93.5641,426.653,-993.64,444,-975
2261.08,-86.5079,93.5641,426.653,-993.64,442,-987
2267.1,-86.5079,93.5641,426.653,-993.64,441,-990
2273.15,-86.5079,93.5641,426.653,-993.64,440,-991
2278.98,-86.5079,93.5641,426.653,-993.64,438,-992
2285.1,-86.5079,93.5641,426.653,-993.64,438,-992
2291.04,-86.5079,93.5641,426.653,-993.64,437,-992
2296.97,-86.5079,93.5641,426.653,-993.64,436,-992
2303.05,-81.713,95.4793,399.826,-1185.59,435,-992
2309.06,-81.713,95.4793,399.826,-1185.59,434,-993
2315.11,-81.713,95.4793,399.826,-1185.59,431,-1006
2321.15,-81.713,95.4793,399.826,-1185.59,424,-1033
2327.11,-81.713,95.4793,399.826,-1185.59,415,-1076
2333.16,-81.713,95.4793,399.826,-1185.59,406,-1120
2339.11,-81.713,95.4793,399.826,-1185.59,400,-1154
2345.06,-81.713,95.4793,399.826,-1185.59,396,-1173
2351.12,-81.713,95.4793,399.826,-1185.59,393,-1180
2357.07,-81.713,95.4793,399.826,-1185.59,392,-1182
2363.13,-81.713,95.4793,399.826,-1185.59,391,-1183
2369.1,-81.713,95.4793,399.826,-1185.59,390,-1183
2375,-81.713,95.4793,399.826,-1185.59,390,-1184
2381.63,-76.3663,94.2621,371.802,-1304.49,389,-1184
2387.06,-76.3663,94.2621,371.802,-1304.49,389,-1185
2393,-76.3663,94.2621,371.802,-1304.49,387,-1192
2399.1,-76.3663,94.2621,371.802,-1304.49,384,-1214
2405.1,-76.3663,94.2621,371.802,-1304.49,379,-1249
2411.16,-76.3663,94.2621,371.802,-1304.49,374,-1281
2417,-76.3663,94.2621,371.802,-1304.49,370,-1297
2423.15,-76.3663,94.2621,371.802,-1304.49,368,-1301
2429.18,-76.3663,94.2621,371.802,-1304.49,367,-1303
2435.11,-76.3663,94.2621,371.802,-1304.49,366,-1303
2441.09,-76.3663,94.2621,371.802,-1304.49,366,-1303
2447.02,-76.3663,94.2621,371.802,-1304.49,365,-1304
2454.65,-76.3663,94.2621,371.802,-1304.49,364,-1304
2461.67,-70.6199,90.6415,342.291,-1424.08,363,-1304
2468.28,-70.6199,90.6415,342.291,-1424.08,363,-1305
2474.28,-70.6199,90.6415,342.291,-1424.08,361,-1314
2480.15,-70.6199,90.6415,342.291,-1424.08,358,-1337
2486.09,-70.6199,90.6415,342.291,-1424.08,353,-1374
2492.16,-70.6199,90.6415,342.291,-1424.08,348,-1405
2498.22,-70.6199,90.6415,342.291,-1424.08,347,-1420
2504.29,-70.6199,90.6415,342.291,-1424.08,346,-1423
2510.18,-70.6199,90.6415,342.291,-1424.08,345,-1425
2516.23,-70.6199,90.6415,342.291,-1424.08,344,-1425
2522.18,-70.6199,90.6415,342.291,-1424.08,343,-1425
2528.12,-70.6199,90.6415,342.291,-1424.08,343,-1425
2534.04,-70.6199,90.6415,342.291,-1424.08,343,-1425
2541.23,-63.725,83.5867,305.754,-1500,343,-1425
2547.12,-63.725,83.5867,305.754,-1500,343,-1425
2553.3,-63.725,83.5867,305.754,-1500,340,-1430
2559.18,-63.725,83.5867,305.754,-1500,331,-1447
2565.12,-63.725,83.5867,305.754,-1500,320,-1471
2571.17,-63.725,83.5867,305.754,-1500,311,-1487
2577.18,-63.725,83.5867,305.754,-1500,308,-1492
2583.13,-63.725,83.5867,305.754,-1500,308,-1494
2589.18,-63.725,83.5867,305.754,-1500,307,-1495
2595.16,-63.725,83.5867,305.754,-1500,306,-1495
2601.17,-63.725,83.5867,305.754,-1500,305,-1495
2607.24,-63.725,83.5867,305.754,-1500,305,-1495
2613.13,-63.725,83.5867,305.754,-1500,305,-1496
2620.22,-55.8235,74.1414,264.119,-1500,305,-1496
2626.08,-55.8235,74.1414,264.119,-1500,305,-1496
2632.2,-55.8235,74.1414,264.119,-1500,297,-1496
2638.07,-55.8235,74.1414,264.119,-1500,281,-1497
2644.33,-55.8235,74.1414,264.119,-1500,268,-1497
2650.33,-55.8235,74.1414,264.119,-1500,264,-1497
2656.25,-55.8235,74.1414,264.119,-1500,263,-1497
2662.2,-55.8235,74.1414,264.119,-1500,262,-1497
2668.33,-55.8235,74.1414,264.119,-1500,262,-1498
2674.15,-55.8235,74.1414,264.119,-1500,262,-1498
2680.25,-55.8235,74.1414,264.119,-1500,262,-1498
2686.15,-55.8235,74.1414,264.119,-1500,262,-1498
2692.25,-55.8235,74.1414,264.119,-1500,262,-1498
2698.16,-55.8235,74.1414,264.119,-1500,262,-1498
2704.19,-46.9601,60.6361,218.587,-1500,262,-1498
2710.26,-46.9601,60.6361,218.587,-1500,260,-1498
2716.22,-46.9601,60.6361,218.587,-1500,248,-1498
2722.23,-46.9601,60.6361,218.587,-1500,230,-1499
2728.15,-46.9601,60.6361,218.587,-1500,221,-1499
2734.14,-46.9601,60.6361,218.587,-1500,219,-1499
2740.23,-46.9601,60.6361,218.587,-1500,218,-1499
2746.18,-46.9601,60.6361,218.587,-1500,217,-1499
2752.23,-46.9601,60.6361,218.587,-1500,217,-1499
2758.36,-46.9601,60.6361,218.587,-1500,216,-1499
2764.18,-46.9601,60.6361,218.587,-1500,216,-1499
2770.12,-46.9601,60.6361,218.587,-1500,216,-1499
2776.11,-46.9601,60.6361,218.587,-1500,216,-1499
2782.27,-38.1984,43.6901,174.164,-1500,216,-1499
2788.18,-38.1984,43.6901,174.164,-1500,214,-1499
2794.18,-38.1984,43.6901,174.164,-1500,203,-1499
2800.11,-38.1984,43.6901,174.164,-1500,187,-1499
2806.11,-38.1984,43.6901,174.164,-1500,179,-1499
2812.18,-38.1984,43.6901,174.164,-1500,176,-1499
2818.2,-38.1984,43.6901,174.164,-1500,176,-1499
2824.15,-38.1984,43.6901,174.164,-1500,175,-1499
2830.23,-38.1984,43.6901,174.164,-1500,175,-1499
2836.25,-38.1984,43.6901,174.164,-1500,175,-1499
2842.21,-38.1984,43.6901,174.164,-1500,175,-1499
2848.25,-38.1984,43.6901,174.164,-1500,175,-1499
2854.88,-27.5009,22.1695,116.076,-1411.45,174,-1499
2860.22,-27.5009,22.1695,116.076,-1411.45,174,-1500
2866.25,-27.5009,22.1695,116.076,-1411.45,171,-1498
2872.13,-27.5009,22.1695,116.076,-1411.45,163,-1491
2878.14,-27.5009,22.1695,116.076,-1411.45,146,-1472
2884.3,-27.5009,22.1695,116.076,-1411.45,130,-1452
2890.33,-27.5009,22.1695,116.076,-1411.45,123,-1440
2896.32,-27.5009,22.1695,116.076,-1411.45,121,-1437
2902.27,-27.5009,22.1695,116.076,-1411.45,120,-1434
2908.27,-27.5009,22.1695,116.076,-1411.45,120,-1433
2914.27,-27.5009,22.1695,116.076,-1411.45,119,-1432
2920.23,-27.5009,22.1695,116.076,-1411.45,119,-1432
2926.25,-27.5009,22.1695,116.076,-1411.45,119,-1430
2932.18,-27.5009,22.1695,116.076,-1411.45,118,-1429
2938.23,-27.5009,22.1695,116.076,-1411.45,118,-1428
2944.27,-16.1818,-2.34029,61.2063,-1445.63,118,-1426
2950.16,-16.1818,-2.34029,61.2063,-1445.63,116,-1426
2956.21,-16.1818,-2.34029,61.2063,-1445.63,104,-1427
2962.22,-16.1818,-2.34029,61.2063,-1445.63,82,-1427
2968.25,-16.1818,-2.34029,61.2063,-1445.63,67,-1427
2974.22,-16.1818,-2.34029,61.2063,-1445.63,65,-1427
2980.06,-16.1818,-2.34029,61.2063,-1445.63,65,-1427
2986.23,-16.1818,-2.34029,61.2063,-1445.63,64,-1427
2992.29,-16.1818,-2.34029,61.2063,-1445.63,64,-1427
2998.18,-16.1818,-2.34029,61.2063,-1445.63,64,-1427
3004.36,-16.1818,-2.34029,61.2063,-1445.63,63,-1427
3010.28,-16.1818,-2.34029,61.2063,-1445.63,63,-1427
3016.18,-16.1818,-2.34029,61.2063,-1445.63,63,-1427
3022.19,-4.99275,-29.1019,1500,196.825,63,-1427
3028.25,-4.99275,-29.1019,1500,196.825,64,-1426
3034.19,-4.99275,-29.1019,1500,196.825,67,-1421
3040.25,-4.99275,-29.1019,1500,196.825,79,-1402
3046.34,-4.99275,-29.1019,1500,196.825,105,-1367
3052.33,-4.99275,-29.1019,1500,196.825,144,-1322
3058.3,-4.99275,-29.1019,1500,196.825,194,-1268
3064.2,-4.99275,-29.1019,1500,196.825,254,-1201
3070.32,-4.99275,-29.1019,1500,196.825,329,-1121
3076.33,-4.99275,-29.1019,1500,196.825,408,-1030
3082.33,-4.99275,-29.1019,1500,196.825,487,-939
3088.47,-4.99275,-29.1019,1500,196.825,568,-846
3095.22,-4.99275,-29.1019,1500,196.825,663,-743
3101.78,5.74397,-59.1574,1451.77,350.408,750,-640
3107.21,5.74397,-59.1574,1451.77,350.408,827,-555
3113.37,5.74397,-59.1574,1451.77,350.408,909,-467
3119.37,5.74397,-59.1574,1451.77,350.408,992,-374
3125.38,5.74397,-59.1574,1451.77,350.408,1077,-280
3131.36,5.74397,-59.1574,1451.77,350.408,1159,-187
3137.29,5.74397,-59.1574,1451.77,350.408,1235,-102
3143.38,5.74397,-59.1574,1451.77,350.408,1303,-25
3149.39,5.74397,-59.1574,1451.77,350.408,1364,44
3155.29,5.74397,-59.1574,1451.77,350.408,1416,104
3161.48,5.74397,-59.1574,1451.77,350.408,1457,151
3167.3,5.74397,-59.1574,1451.77,350.408,1488,182
3175.57,5.74397,-59.1574,1451.77,350.408,1514,208
3181.24,5.74397,-59.1574,1451.77,350.408,1521,215
3187.24,5.74397,-59.1574,1451.77,350.408,1522,215
3193.23,5.74397,-59.1574,1451.77,350.408,1516,214
3199.23,17.0967,-89.8669,1396.74,497.416,1500,205
3205.33,17.0967,-89.8669,1396.74,497.416,1468,182
3211.4,17.0967,-89.8669,1396.74,497.416,1424,144
3217.27,17.0967,-89.8669,1396.74,497.416,1367,94
3223.36,17.0967,-89.8669,1396.74,497.416,1294,35
3229.24,17.0967,-89.8669,1396.74,497.416,1215,-35
3235.24,17.0967,-89.8669,1396.74,497.416,1127,-111
3241.32,17.0967,-89.8669,1396.74,497.416,1045,-181
3247.35,17.0967,-89.8669,1396.74,497.416,977,-240
3253.33,17.0967,-89.8669,1396.74,497.416,917,-289
3259.26,17.0967,-89.8669,1396.74,497.416,871,-329
3265.27,17.0967,-89.8669,1396.74,497.416,833,-361
3271.39,17.0967,-89.8669,1396.74,497.416,807,-382
3277.27,17.0967,-89.8669,1396.74,497.416,794,-395
3283.36,17.0967,-89.8669,1414.52,449.334,788,-401
3289.32,17.0967,-89.8669,1414.52,449.334,777,-411
3295.34,17.0967,-89.8669,1414.52,449.334,756,-430
3301.33,17.0967,-89.8669,1414.52,449.334,724,-458
3307.37,17.0967,-89.8669,1414.52,449.334,682,-497
3313.46,17.0967,-89.8669,1414.52,449.334,628,-547
3319.4,17.0967,-89.8669,1414.52,449.334,563,-604
3325.47,17.0967,-89.8669,1414.52,449.334,485,-671
3331.3,17.0967,-89.8669,1414.52,449.334,399,-746
3338.28,17.0967,-89.8669,1414.52,449.334,296,-837
3344.33,32.2883,-112.024,1121.25,614.01,212,-909
3350.36,32.2883,-112.024,1121.25,614.01,141,-970
3356.36,32.2883,-112.024,1121.25,614.01,81,-1022
3362.28,32.2883,-112.024,1121.25,614.01,35,-1065
3368.37,32.2883,-112.024,1121.25,614.01,-3,-1097
3374.34,32.2883,-112.024,1121.25,614.01,-28,-1118
3380.41,32.2883,-112.024,1121.25,614.01,-42,-1131
3386.3,32.2883,-112.024,1121.25,614.01,-46,-1135
3392.29,32.2883,-112.024,1121.25,614.01,-44,-1135
3398.37,32.2883,-112.024,1121.25,614.01,-34,-1131
3404.3,32.2883,-112.024,1121.25,614.01,-11,-1119
3410.58,32.2883,-112.024,1121.25,614.01,28,-1091
3416.3,36.3731,-100.087,1309.86,476.248,80,-1052
3422.39,36.3731,-100.087,1309.86,476.248,147,-1001
3428.3,36.3731,-100.087,1309.86,476.248,222,-943
3434.39,36.3731,-100.087,1309.86,476.248,317,-878
3440.31,36.3731,-100.087,1309.86,476.248,400,-814
3446.4,36.3731,-100.087,1309.86,476.248,476,-755
3452.31,36.3731,-100.087,1309.86,476.248,534,-704
3458.57,36.3731,-100.087,1309.86,476.248,588,-660
3464.43,36.3731,-100.087,1309.86,476.248,630,-631
3470.4,36.3731,-100.087,1309.86,476.248,660,-609
3476.44,36.3731,-100.087,1309.86,476.248,679,-597
3482.44,36.3731,-100.087,1309.86,476.248,685,-593
3488.51,36.3731,-100.087,1309.86,476.248,690,-583
3495.42,36.3731,-100.087,1309.86,476.248,701,-556
3501.34,41.2529,-92.0489,1285.19,446.166,714,-518
3507.63,41.2529,-92.0489,1285.19,446.166,734,-463
3513.48,41.2529,-92.0489,1285.19,446.166,760,-396
3519.4,41.2529,-92.0489,1285.19,446.166,790,-311
3525.41,41.2529,-92.0489,1285.19,446.166,822,-220
3531.34,41.2529,-92.0489,1285.19,446.166,849,-142
3537.46,41.2529,-92.0489,1285.19,446.166,875,-78
3543.45,41.2529,-92.0489,1285.19,446.166,896,-24
3549.42,41.2529,-92.0489,1285.19,446.166,912,19
3555.42,41.2529,-92.0489,1285.19,446.166,922,46
3561.6,41.2529,-92.0489,1285.19,446.166,928,60
3567.51,41.2529,-92.0489,1285.19,446.166,934,66
3573.47,41.2529,-92.0489,1285.19,446.166,952,69
3579.22,41.2529,-92.0489,1285.19,446.166,983,73
3585.35,46.9084,-85.53,1255.11,415.722,1030,80
3591.36,46.9084,-85.53,1255.11,415.722,1092,89
3597.36,46.9084,-85.53,1255.11,415.722,1161,100
3603.48,46.9084,-85.53,1255.11,415.722,1223,110
3609.43,46.9084,-85.53,1255.11,415.722,1266,115
3615.44,46.9084,-85.53,1255.11,415.722,1297,119
3621.44,46.9084,-85.53,1255.11,415.722,1316,123
3627.37,46.9084,-85.53,1255.11,415.722,1321,124
3633.42,46.9084,-85.53,1255.11,415.722,1319,122
3639.48,46.9084,-85.53,1255.11,415.722,1309,116
3645.47,46.9084,-85.53,1255.11,415.722,1285,97
3651.39,46.9084,-85.53,1255.11,415.722,1245,65
3657.53,46.9084,-85.53,1255.11,415.722,1189,21
3665.73,46.9084,-85.53,1255.11,415.722,1097,-59
3671.76,46.9084,-85.53,1255.11,415.722,1017,-130
3677.52,54.4488,-77.9051,1215.34,376.971,939,-197
3683.44,54.4488,-77.9051,1215.34,376.971,866,-259
3689.47,54.4488,-77.9051,1215.34,376.971,802,-312
3695.43,54.4488,-77.9051,1215.34,376.971,750,-355
3701.45,54.4488,-77.9051,1215.34,376.971,712,-388
3707.49,54.4488,-77.9051,1215.34,376.971,685,-413
3713.46,54.4488,-77.9051,1215.34,376.971,669,-429
3719.45,54.4488,-77.9051,1215.34,376.971,662,-435
3725.46,54.4488,-77.9051,1215.34,376.971,656,-445
3731.41,54.4488,-77.9051,1215.34,376.971,646,-466
3738.48,54.4488,-77.9051,1215.34,376.971,624,-508
3744.41,63.4276,-71.5134,784.182,343.417,599,-558
3750.54,63.4276,-71.5134,784.182,343.417,563,-621
3756.51,63.4276,-71.5134,784.182,343.417,522,-697
3762.49,63.4276,-71.5134,784.182,343.417,477,-782
3768.5,63.4276,-71.5134,784.182,343.417,434,-864
3774.6,63.4276,-71.5134,784.182,343.417,398,-934
3780.53,63.4276,-71.5134,784.182,343.417,368,-991
3786.49,63.4276,-71.5134,784.182,343.417,346,-1035
3792.49,63.4276,-71.5134,784.182,343.417,332,-1066
3798.42,63.4276,-71.5134,784.182,343.417,324,-1083
3804.52,63.4276,-71.5134,784.182,343.417,320,-1088
3810.42,63.4276,-71.5134,784.182,343.417,319,-1086
3816.37,63.4276,-71.5134,784.182,343.417,315,-1074
3822.42,74.7585,-65.3436,765.125,314.718,311,-1043
3828.36,74.7585,-65.3436,765.125,314.718,304,-1002
3834.5,74.7585,-65.3436,765.125,314.718,299,-965
3840.48,74.7585,-65.3436,765.125,314.718,295,-945
3846.48,74.7585,-65.3436,765.125,314.718,292,-936
3852.55,74.7585,-65.3436,765.125,314.718,290,-926
3858.55,74.7585,-65.3436,765.125,314.718,287,-906
3864.54,74.7585,-65.3436,765.125,314.718,282,-869
3870.52,74.7585,-65.3436,765.125,314.718,275,-816
3876.55,74.7585,-65.3436,765.125,314.718,266,-749
3882.52,74.7585,-65.3436,765.125,314.718,256,-683
3888.57,74.7585,-65.3436,765.125,314.718,248,-630
3894.45,74.7585,-65.3436,765.125,314.718,243,-595
3900.45,86.8247,-60.5504,765.125,314.718,239,-576
3906.45,86.8247,-60.5504,644.047,294.049,237,-569
3912.45,86.8247,-60.5504,644.047,294.049,238,-559
3918.51,86.8247,-60.5504,644.047,294.049,240,-539
3924.52,86.8247,-60.5504,644.047,294.049,250,-505
3930.59,86.8247,-60.5504,644.047,294.049,272,-458
3936.52,86.8247,-60.5504,644.047,294.049,304,-395
3942.59,86.8247,-60.5504,644.047,294.049,344,-320
3948.6,86.8247,-60.5504,644.047,294.049,386,-244
3954.64,86.8247,-60.5504,644.047,294.049,421,-179
3960.55,86.8247,-60.5504,644.047,294.049,449,-130
3966.48,86.8247,-60.5504,644.047,294.049,470,-92
3972.83,86.8247,-60.5504,644.047,294.049,485,-63
3978.48,86.8247,-60.5504,644.047,294.049,494,-47
3984.49,99.2569,-55.5007,386.473,268.031,498,-45
3990.61,99.2569,-55.5007,386.473,268.031,499,-48
3996.55,99.2569,-55.5007,386.473,268.031,499,-63
4002.48,99.2569,-55.5007,386.473,268.031,499,-99
4008.47,99.2569,-55.5007,386.473,268.031,498,-156
4014.61,99.2569,-55.5007,386.473,268.031,497,-228
4020.56,99.2569,-55.5007,386.473,268.031,496,-308
4026.48,99.2569,-55.5007,386.473,268.031,494,-381
4032.59,99.2569,-55.5007,386.473,268.031,492,-441
4038.75,99.2569,-55.5007,386.473,268.031,490,-487
4044.62,99.2569,-55.5007,386.473,268.031,489,-517
4050.5,99.2569,-55.5007,386.473,268.031,488,-533
4056.5,99.2569,-55.5007,386.473,268.031,485,-540
4062.55,110.209,-52.8963,142.054,259.488,476,-552
4068.58,110.209,-52.8963,142.054,259.488,456,-575
4074.62,110.209,-52.8963,142.054,259.488,425,-609
4080.56,110.209,-52.8963,142.054,259.488,384,-653
4086.51,110.209,-52.8963,142.054,259.488,335,-708
4092.62,110.209,-52.8963,142.054,259.488,274,-773
4098.61,110.209,-52.8963,142.054,259.488,208,-846
4104.76,110.209,-52.8963,142.054,259.488,142,-920
4110.63,110.209,-52.8963,142.054,259.488,85,-976
4116.63,110.209,-52.8963,142.054,259.488,40,-1024
4122.63,110.209,-52.8963,142.054,259.488,5,-1063
4128.64,110.209,-52.8963,142.054,259.488,-19,-1089
4134.52,110.209,-52.8963,142.054,259.488,-33,-1105
4140.53,110.209,-52.8963,142.054,259.488,-38,-1111
4146.53,110.209,-52.8963,142.054,259.488,-43,-1110
4152.52,111.858,-0.0563838,67.9588,181.573,-52,-1101
4158.57,111.858,-0.0563838,67.9588,181.573,-67,-1079
4164.58,111.858,-0.0563838,67.9588,181.573,-89,-1036
4170.58,111.858,-0.0563838,67.9588,181.573,-117,-977
4176.59,111.858,-0.0563838,67.9588,181.573,-152,-907
4182.59,111.858,-0.0563838,67.9588,181.573,-187,-836
4188.63,111.858,-0.0563838,67.9588,181.573,-219,-770
4194.53,111.858,-0.0563838,67.9588,181.573,-241,-718
4200.53,111.858,-0.0563838,67.9588,181.573,-258,-678
4206.46,111.858,-0.0563838,67.9588,181.573,-268,-654
4212.65,111.858,-0.0563838,67.9588,181.573,-274,-642
4218.62,117.827,-44.0046,67.9588,181.573,-274,-636
4224.55,117.827,-44.0046,-290.169,315.82,-270,-622
4230.56,117.827,-44.0046,-290.169,315.82,-258,-597
4236.55,117.827,-44.0046,-290.169,315.82,-230,-563
4242.47,117.827,-44.0046,-290.169,315.82,-188,-521
4248.47,117.827,-44.0046,-290.169,315.82,-134,-465
4254.64,117.827,-44.0046,-290.169,315.82,-67,-393
4260.55,117.827,-44.0046,-290.169,315.82,-6,-325
4266.55,117.827,-44.0046,-290.169,315.82,48,-268
4272.56,117.827,-44.0046,-290.169,315.82,90,-218
4278.55,117.827,-44.0046,-290.169,315.82,122,-184
4284.48,117.827,-44.0046,-290.169,315.82,145,-162
4290.48,117.827,-44.0046,-290.169,315.82,160,-150
4296.61,116.278,-38.5336,-414.733,181.587,166,-146
4302.61,116.278,-38.5336,-414.733,181.587,166,-146
4308.61,116.278,-38.5336,-414.733,181.587,164,-155
4314.61,116.278,-38.5336,-414.733,181.587,160,-180
4320.69,116.278,-38.5336,-414.733,181.587,147,-226
4326.62,116.278,-38.5336,-414.733,181.587,128,-288
4332.68,116.278,-38.5336,-414.733,181.587,106,-346
4338.73,116.278,-38.5336,-414.733,181.587,89,-392
4344.67,116.278,-38.5336,-414.733,181.587,75,-425
4350.74,116.278,-38.5336,-414.733,181.587,68,-445
4356.69,116.278,-38.5336,-414.733,181.587,64,-454
4362.69,116.278,-38.5336,-414.733,181.587,57,-463
4368.71,116.278,-38.5336,-414.733,181.587,40,-481
4375.41,116.278,-38.5336,-414.733,181.587,11,-517
4385,116.278,-38.5336,-414.733,181.587,-53,-588
4390.51,116.278,-38.5336,-414.733,181.587,-101,-642
4396.59,116.278,-38.5336,-414.733,181.587,-162,-714
4402.66,116.278,-38.5336,-593.602,192.668,-237,-793
4408.65,116.278,-38.5336,-593.602,192.668,-305,-867
4414.6,116.278,-38.5336,-593.602,192.668,-361,-932
4420.6,116.278,-38.5336,-593.602,192.668,-409,-986
4426.6,116.278,-38.5336,-593.602,192.668,-448,-1030
4432.6,116.278,-38.5336,-593.602,192.668,-476,-1063
4438.71,116.278,-38.5336,-593.602,192.668,-496,-1084
4444.61,116.278,-38.5336,-593.602,192.668,-504,-1094
4450.63,116.278,-38.5336,-593.602,192.668,-507,-1095
4456.62,116.278,-38.5336,-593.602,192.668,-507,-1090
4462.62,113.233,-25.8897,-709.911,99.5184,-506,-1074
4468.77,113.233,-25.8897,-709.911,99.5184,-501,-1038
4474.71,113.233,-25.8897,-709.911,99.5184,-490,-981
4480.62,113.233,-25.8897,-709.911,99.5184,-473,-912
4486.72,113.233,-25.8897,-709.911,99.5184,-449,-830
4492.68,113.233,-25.8897,-709.911,99.5184,-427,-745
4498.69,113.233,-25.8897,-709.911,99.5184,-408,-672
4504.77,113.233,-25.8897,-709.911,99.5184,-392,-614
4510.73,113.233,-25.8897,-709.911,99.5184,-380,-574
4516.74,113.233,-25.8897,-709.911,99.5184,-372,-548
4522.73,113.233,-25.8897,-709.911,99.5184,-369,-536
4528.65,113.233,-25.8897,-709.911,99.5184,-366,-530
4534.67,113.233,-25.8897,-709.911,99.5184,-356,-516
4541.06,112.712,-23.9761,-934.013,116.297,-336,-490
4546.7,112.712,-23.9761,-934.013,116.297,-308,-455
4552.72,112.712,-23.9761,-934.013,116.297,-271,-406
4558.79,112.712,-23.9761,-934.013,116.297,-230,-353
4564.72,112.712,-23.9761,-934.013,116.297,-195,-309
4570.78,112.712,-23.9761,-934.013,116.297,-170,-276
4576.77,112.712,-23.9761,-934.013,116.297,-153,-257
4582.71,112.712,-23.9761,-934.013,116.297,-145,-250
4588.72,112.712,-23.9761,-934.013,116.297,-144,-250
4594.65,112.712,-23.9761,-934.013,116.297,-147,-256
4600.74,112.712,-23.9761,-934.013,116.297,-156,-274
4606.66,112.712,-23.9761,-934.013,116.297,-177,-307
4612.66,112.712,-23.9761,-934.013,116.297,-212,-358
4618.66,110.029,-28.4795,-1070.29,151.188,-257,-423
4624.8,110.029,-28.4795,-1070.29,151.188,-312,-500
4630.79,110.029,-28.4795,-1070.29,151.188,-367,-579
4636.73,110.029,-28.4795,-1070.29,151.188,-412,-647
4642.75,110.029,-28.4795,-1070.29,151.188,-450,-703
4648.82,110.029,-28.4795,-1070.29,151.188,-478,-746
4654.81,110.029,-28.4795,-1070.29,151.188,-499,-778
4660.77,110.029,-28.4795,-1070.29,151.188,-513,-797
4666.75,110.029,-28.4795,-1070.29,151.188,-518,-806
4672.78,110.029,-28.4795,-1070.29,151.188,-528,-809
4678.75,110.029,-28.4795,-1070.29,151.188,-549,-815
4684.83,110.029,-28.4795,-1070.29,151.188,-587,-822
4690.78,110.029,-28.4795,-1070.29,151.188,-636,-832
4696.63,110.029,-28.4795,-1070.29,151.188,-683,-841
4702.76,110.137,-26.8481,-1305.6,131.309,-720,-850
4708.7,110.137,-26.8481,-1305.6,131.309,-740,-855
4714.94,110.137,-26.8481,-1305.6,131.309,-747,-857
4720.74,110.137,-26.8481,-1305.6,131.309,-747,-856
4726.77,110.137,-26.8481,-1305.6,131.309,-743,-850
4732.76,110.137,-26.8481,-1305.6,131.309,-732,-829
4738.82,110.137,-26.8481,-1305.6,131.309,-711,-787
4744.85,110.137,-26.8481,-1305.6,131.309,-681,-727
4750.86,110.137,-26.8481,-1305.6,131.309,-645,-656
4756.85,110.137,-26.8481,-1305.6,131.309,-612,-593
4762.85,110.137,-26.8481,-1305.6,131.309,-585,-544
4768.79,110.137,-26.8481,-1305.6,131.309,-564,-509
4774.71,110.137,-26.8481,-1305.6,131.309,-550,-484
4781.34,106.683,-38.437,-1402.81,214.358,-542,-470
4786.86,106.683,-38.437,-1402.81,214.358,-538,-466
4792.83,106.683,-38.437,-1402.81,214.358,-540,-457
4798.71,106.683,-38.437,-1402.81,214.358,-548,-441
4804.78,106.683,-38.437,-1402.81,214.358,-572,-415
4810.72,106.683,-38.437,-1402.81,214.358,-610,-380
4816.72,106.683,-38.437,-1402.81,214.358,-662,-335
4822.85,106.683,-38.437,-1402.81,214.358,-729,-281
4828.73,106.683,-38.437,-1402.81,214.358,-801,-219
4834.8,106.683,-38.437,-1402.81,214.358,-893,-152
4840.83,106.683,-38.437,-1402.81,214.358,-988,-79
4846.84,106.683,-38.437,-1402.81,214.358,-1078,-8
4852.81,106.683,-38.437,-1402.81,214.358,-1155,58
4858.74,103.947,-41.9909,-1402.81,214.358,-1220,115
4864.81,103.947,-41.9909,-1500,216.618,-1279,159
4870.84,103.947,-41.9909,-1500,216.618,-1323,192
4876.88,103.947,-41.9909,-1500,216.618,-1355,216
4882.89,103.947,-41.9909,-1500,216.618,-1376,232
4888.83,103.947,-41.9909,-1500,216.618,-1385,240
4895,103.947,-41.9909,-1500,216.618,-1386,241
4900.82,103.947,-41.9909,-1500,216.618,-1381,239
4906.83,103.947,-41.9909,-1500,216.618,-1366,230
4912.87,103.947,-41.9909,-1500,216.618,-1337,206
4918.87,103.947,-41.9909,-1500,216.618,-1295,164
4925.01,103.947,-41.9909,-1500,216.618,-1242,108
4930.83,103.947,-41.9909,-1500,216.618,-1176,47
4936.7,103.947,-41.9909,-1500,216.618,-1104,-25
4942.81,97.5306,-49.5705,-1500,261.773,-1032,-101
4948.84,97.5306,-49.5705,-1500,261.773,-968,-167
4954.9,97.5306,-49.5705,-1500,261.773,-917,-219
4960.82,97.5306,-49.5705,-1500,261.773,-874,-263
4966.86,97.5306,-49.5705,-1500,261.773,-840,-295
4972.82,97.5306,-49.5705,-1500,261.773,-817,-317
4978.77,97.5306,-49.5705,-1500,261.773,-804,-328
4984.89,97.5306,-49.5705,-1500,261.773,-801,-332
4990.87,97.5306,-49.5705,-1500,261.773,-804,-330
4996.85,97.5306,-49.5705,-1500,261.773,-813,-319
5002.89,97.5306,-49.5705,-1500,261.773,-834,-293
5008.86,97.5306,-49.5705,-1500,261.773,-865,-250
5014.78,97.5306,-49.5705,-1500,261.773,-898,-204
5020.85,89.232,-54.6668,-1500,261.773,-929,-168
5026.96,89.232,-54.6668,-1500,282.848,-950,-142
5032.82,89.232,-54.6668,-1500,282.848,-962,-126
5041.69,89.232,-54.6668,-1500,282.848,-971,-116
5047.87,89.232,-54.6668,-1500,282.848,-983,-104
5053.79,89.232,-54.6668,-1500,282.848,-1006,-81
5059.87,89.232,-54.6668,-1500,282.848,-1039,-52
5065.88,89.232,-54.6668,-1500,282.848,-1065,-27
5071.87,89.232,-54.6668,-1500,282.848,-1081,-12
5077.85,89.232,-54.6668,-1500,282.848,-1086,-7
5083.89,89.232,-54.6668,-1500,282.848,-1087,-5
5089.79,89.232,-54.6668,-1500,282.848,-1088,-3
5096.3,79.8272,-61.2361,-1500,319.496,-1089,-3
5101.73,79.8272,-61.2361,-1500,319.496,-1089,-2
5107.89,79.8272,-61.2361,-1500,319.496,-1096,3
5113.9,79.8272,-61.2361,-1500,319.496,-1113,16
5119.9,79.8272,-61.2361,-1500,319.496,-1142,39
5125.86,79.8272,-61.2361,-1500,319.496,-1182,72
5131.86,79.8272,-61.2361,-1500,319.496,-1235,114
5137.87,79.8272,-61.2361,-1500,319.496,-1299,163
5143.97,79.8272,-61.2361,-1500,319.496,-1362,209
5149.96,79.8272,-61.2361,-1500,319.496,-1413,248
5156,79.8272,-61.2361,-1500,319.496,-1452,278
5161.91,79.8272,-61.2361,-1500,319.496,-1481,302
5167.9,79.8272,-61.2361,-1500,319.496,-1498,318
5173.9,79.8272,-61.2361,-1500,319.496,-1504,324
5180.33,68.0802,-68.3362,-1500,319.496,-1506,326
5186.91,68.0802,-68.3362,-1500,354.124,-1507,328
5192.94,68.0802,-68.3362,-1500,354.124,-1506,335
5198.89,68.0802,-68.3362,-1500,354.124,-1506,346
5204.75,68.0802,-68.3362,-1500,354.124,-1506,352
5210.88,68.0802,-68.3362,-1500,354.124,-1506,354
5216.76,68.0802,-68.3362,-1500,354.124,-1506,355
5222.77,68.0802,-68.3362,-1500,354.124,-1506,355
5228.84,68.0802,-68.3362,-1500,354.124,-1506,355
5234.98,68.0802,-68.3362,-1500,354.124,-1506,356
5240.9,68.0802,-68.3362,-1500,354.124,-1506,356
5246.9,68.0802,-68.3362,-1500,354.124,-1505,356
5252.78,68.0802,-68.3362,-1500,354.124,-1505,356
5258.91,54.0786,-74.8081,-1500,386.788,-1505,357
5264.91,54.0786,-74.8081,-1500,386.788,-1505,358
5270.98,54.0786,-74.8081,-1500,386.788,-1505,367
5276.96,54.0786,-74.8081,-1500,386.788,-1503,379
5282.9,54.0786,-74.8081,-1500,386.788,-1503,383
5288.87,54.0786,-74.8081,-1500,386.788,-1503,385
5294.96,54.0786,-74.8081,-1500,386.788,-1503,386
5300.94,54.0786,-74.8081,-1500,386.788,-1503,386
5306.94,54.0786,-74.8081,-1500,386.788,-1503,386
5313.05,54.0786,-74.8081,-1500,386.788,-1503,386
5318.99,54.0786,-74.8081,-1500,386.788,-1503,386
5324.94,54.0786,-74.8081,-1500,386.788,-1503,386
5330.94,54.0786,-74.8081,-1500,386.788,-1503,386
5336.81,54.0786,-74.8081,-1500,386.788,-1502,386
5343.53,36.3577,-80.3167,-1500,411.377,-1502,386
5350.01,36.3577,-80.3167,-1500,411.377,-1502,387
5355.98,36.3577,-80.3167,-1500,411.377,-1501,396
5361.81,36.3577,-80.3167,-1500,411.377,-1499,404
5368.01,36.3577,-80.3167,-1500,411.377,-1499,407
5373.98,36.3577,-80.3167,-1500,411.377,-1499,408
5379.96,36.3577,-80.3167,-1500,411.377,-1499,409
5385.89,36.3577,-80.3167,-1500,411.377,-1498,409
5392.02,36.3577,-80.3167,-1500,411.377,-1498,409
5397.96,36.3577,-80.3167,-1500,411.377,-1498,410
5403.9,36.3577,-80.3167,-1500,411.377,-1498,410
5409.9,36.3577,-80.3167,-1500,411.377,-1497,410
5415.9,36.3577,-80.3167,-1500,411.377,-1497,410
5421.91,15.335,-84.7084,-1500,431.965,-1497,410
5428.08,15.335,-84.7084,-1500,431.965,-1497,411
5434.05,15.335,-84.7084,-1500,431.965,-1497,418
5439.82,15.335,-84.7084,-1500,431.965,-1496,425
5445.82,15.335,-84.7084,-1500,431.965,-1496,428
5451.84,15.335,-84.7084,-1500,431.965,-1495,428
5457.96,15.335,-84.7084,-1500,431.965,-1495,429
5463.98,15.335,-84.7084,-1500,431.965,-1495,429
5470,15.335,-84.7084,-1500,431.965,-1495,429
5475.99,15.335,-84.7084,-1500,431.965,-1495,430
5482.01,15.335,-84.7084,-1500,431.965,-1494,430
5487.99,15.335,-84.7084,-1500,431.965,-1494,430
5493.99,15.335,-84.7084,-1500,431.965,-1494,430
5499.83,15.335,-84.7084,-1500,431.965,-1494,430
5505.93,-8.38569,-88.0401,-1414.66,446.298,-1494,430
5511.85,-8.38569,-88.0401,-1414.66,446.298,-1490,431
5517.93,-8.38569,-88.0401,-1414.66,446.298,-1475,433
5523.93,-8.38569,-88.0401,-1414.66,446.298,-1448,436
5529.83,-8.38569,-88.0401,-1414.66,446.298,-1427,440
5535.81,-8.38569,-88.0401,-1414.66,446.298,-1420,442
5541.03,-8.38569,-88.0401,-1414.66,446.298,-1417,442
5546.85,-8.38569,-88.0401,-1414.66,446.298,-1417,442
5552.97,-8.38569,-88.0401,-1414.66,446.298,-1416,443
5558.84,-8.38569,-88.0401,-1414.66,446.298,-1416,443
5564.83,-8.38569,-88.0401,-1414.66,446.298,-1415,443
5570.8,-8.38569,-88.0401,-1414.66,446.298,-1414,443
5576.94,-34.4097,-89.4166,226.601,449.969,-1414,443
5582.84,-34.4097,-89.4166,226.601,449.969,-1410,443
5588.84,-34.4097,-89.4166,226.601,449.969,-1395,443
5594.88,-34.4097,-89.4166,226.601,449.969,-1363,443
5600.95,-34.4097,-89.4166,226.601,449.969,-1317,444
5606.95,-34.4097,-89.4166,226.601,449.969,-1257,444
5612.89,-34.4097,-89.4166,226.601,449.969,-1181,444
5618.82,-34.4097,-89.4166,226.601,449.969,-1090,444
5624.84,-34.4097,-89.4166,226.601,449.969,-986,444
5630.95,-34.4097,-89.4166,226.601,449.969,-870,445
5636.87,-34.4097,-89.4166,226.601,449.969,-748,445
5643,-34.4097,-89.4166,226.601,449.969,-622,445
5649.01,-34.4097,-89.4166,226.601,449.969,-502,445
5654.9,-61.8932,-88.6202,360.71,441.616,-384,446
5661.01,-61.8932,-88.6202,360.71,441.616,-259,446
5666.87,-61.8932,-88.6202,360.71,441.616,-153,446
5673.01,-61.8932,-88.6202,360.71,441.616,-47,446
5678.89,-61.8932,-88.6202,360.71,441.616,37,446
5685.01,-61.8932,-88.6202,360.71,441.616,108,446
5691.06,-61.8932,-88.6202,360.71,441.616,162,447
5696.9,-61.8932,-88.6202,360.71,441.616,201,447
5703.02,-61.8932,-88.6202,360.71,441.616,230,447
5708.99,-61.8932,-88.6202,360.71,441.616,244,447
5715.07,-61.8932,-88.6202,360.71,441.616,246,447
5721.16,-61.8932,-88.6202,360.71,441.616,240,448
5727.06,-61.8932,-88.6202,360.71,441.616,218,448
5733.12,-61.8932,-88.6202,360.71,441.616,175,448
5739.04,-61.8932,-88.6202,360.71,441.616,112,448
5745.08,-89.9282,-88.1981,498.372,440.257,34,448
5751.09,-89.9282,-88.1981,498.372,440.257,-56,448
5757.09,-89.9282,-88.1981,498.372,440.257,-160,447
5763.05,-89.9282,-88.1981,498.372,440.257,-268,447
5769.1,-89.9282,-88.1981,498.372,440.257,-365,447
5775.02,-89.9282,-88.1981,498.372,440.257,-440,447
5781.16,-89.9282,-88.1981,498.372,440.257,-508,447
5787.07,-89.9282,-88.1981,498.372,440.257,-556,447
5793.1,-89.9282,-88.1981,498.372,440.257,-596,447
5799.15,-89.9282,-88.1981,498.372,440.257,-619,447
5805.1,-89.9282,-88.1981,498.372,440.257,-628,447
5811.09,-89.9282,-88.1981,498.372,440.257,-638,447
5817.03,-89.9282,-88.1981,498.372,440.257,-661,447
5823.02,-95.742,-68.3969,489.362,305.707,-700,447
5829.09,-95.742,-68.3969,489.362,305.707,-755,446
5835.07,-95.742,-68.3969,489.362,305.707,-822,446
5840.94,-95.742,-68.3969,489.362,305.707,-884,446
5847.08,-95.742,-68.3969,489.362,305.707,-938,445
5852.95,-95.742,-68.3969,489.362,305.707,-974,445
5859.02,-95.742,-68.3969,489.362,305.707,-998,445
5865.08,-95.742,-68.3969,489.362,305.707,-1007,445
5870.96,-95.742,-68.3969,489.362,305.707,-1005,444
5877.12,-95.742,-68.3969,489.362,305.707,-993,442
5883.03,-95.742,-68.3969,489.362,305.707,-965,438
5889.16,-95.742,-68.3969,489.362,305.707,-915,431
5896.05,-95.742,-68.3969,489.362,305.707,-840,419
5902.44,-102.518,-48.2757,525.387,203.374,-753,404
5908.05,-102.518,-48.2757,525.387,203.374,-661,387
5914.19,-102.518,-48.2757,525.387,203.374,-560,369
5920.12,-102.518,-48.2757,525.387,203.374,-470,352
5926.13,-102.518,-48.2757,525.387,203.374,-393,337
5932.2,-102.518,-48.2757,525.387,203.374,-332,326
5938.13,-102.518,-48.2757,525.387,203.374,-289,318
5944.18,-102.518,-48.2757,525.387,203.374,-258,311
5950.21,-102.518,-48.2757,525.387,203.374,-240,307
5956.24,-102.518,-48.2757,525.387,203.374,-233,304
5962.13,-102.518,-48.2757,525.387,203.374,-223,297
5968.14,-102.518,-48.2757,525.387,203.374,-199,285
5974.14,-102.518,-48.2757,525.387,203.374,-168,266
5979.97,-102.518,-48.2757,525.387,203.374,-143,252
5986.07,-112.311,-27.2527,579.843,97.0031,-129,243
5992.12,-112.311,-27.2527,579.843,97.0031,-127,240
5998.13,-112.311,-27.2527,579.843,97.0031,-132,239
6004.16,-112.311,-27.2527,579.843,97.0031,-153,239
6010.08,-112.311,-27.2527,579.843,97.0031,-192,239
6016.18,-112.311,-27.2527,579.843,97.0031,-253,240
6022.13,-112.311,-27.2527,579.843,97.0031,-328,241
6028.14,-112.311,-27.2527,579.843,97.0031,-414,244
6034.08,-112.311,-27.2527,579.843,97.0031,-490,246
6040.17,-112.311,-27.2527,579.843,97.0031,-560,250
6046.08,-112.311,-27.2527,579.843,97.0031,-610,254
6052.18,-112.311,-27.2527,579.843,97.0031,-650,257
6058.09,-121.615,-6.65179,626.566,1492.31,-672,260
6064.19,-121.615,-6.65179,626.566,1492.31,-682,262
6070.15,-121.615,-6.65179,626.566,1492.31,-683,271
6076.15,-121.615,-6.65179,626.566,1492.31,-681,291
6082.15,-121.615,-6.65179,626.566,1492.31,-675,327
6088.15,-121.615,-6.65179,626.566,1492.31,-661,377
6094.1,-121.615,-6.65179,626.566,1492.31,-640,440
6100.19,-121.615,-6.65179,626.566,1492.31,-609,516
6106.18,-121.615,-6.65179,626.566,1492.31,-573,603
6112.11,-121.615,-6.65179,626.566,1492.31,-531,703
6118.19,-121.615,-6.65179,626.566,1492.31,-480,815
6124.24,-121.615,-6.65179,626.566,1492.31,-430,929
6130.19,-121.615,-6.65179,626.566,1492.31,-383,1041
6136.04,-121.615,-6.65179,626.566,1492.31,-338,1148
6142.12,-125.077,13.6089,631.586,1395.66,-295,1265
6148.37,-125.077,13.6089,631.586,1395.66,-254,1364
6154.27,-125.077,13.6089,631.586,1395.66,-218,1447
6160.18,-125.077,13.6089,631.586,1395.66,-189,1520
6166.18,-125.077,13.6089,631.586,1395.66,-162,1580
6172.12,-125.077,13.6089,631.586,1395.66,-144,1626
6178.12,-125.077,13.6089,631.586,1395.66,-128,1657
6184.13,-125.077,13.6089,631.586,1395.66,-119,1675
6190.26,-125.077,13.6089,631.586,1395.66,-116,1681
6196.22,-125.077,13.6089,631.586,1395.66,-116,1679
6202.28,-125.077,13.6089,631.586,1395.66,-117,1665
6208.3,-125.077,13.6089,631.586,1395.66,-122,1635
6214.28,-125.077,13.6089,631.586,1395.66,-132,1586
6220.14,-121.14,32.382,631.586,1395.66,-149,1522
6226.14,-121.14,32.382,598.306,1302.83,-175,1442
6232.06,-121.14,32.382,598.306,1302.83,-207,1352
6238.15,-121.14,32.382,598.306,1302.83,-244,1240
6244.25,-121.14,32.382,598.306,1302.83,-285,1125
6250.21,-121.14,32.382,598.306,1302.83,-323,1014
6256.27,-121.14,32.382,598.306,1302.83,-358,914
6262.25,-121.14,32.382,598.306,1302.83,-387,828
6268.21,-121.14,32.382,598.306,1302.83,-411,756
6274.26,-121.14,32.382,598.306,1302.83,-430,697
6280.17,-121.14,32.382,598.306,1302.83,-445,651
6286.16,-121.14,32.382,598.306,1302.83,-455,619
6292.23,-121.14,32.382,598.306,1302.83,-462,603
6298.17,-121.14,32.382,598.306,1302.83,-465,597
6304.18,-115.221,53.6402,565.062,1192.13,-471,585
6310.3,-115.221,53.6402,565.062,1192.13,-483,561
6316.22,-115.221,53.6402,565.062,1192.13,-501,524
6322.09,-115.221,53.6402,565.062,1192.13,-527,476
6328.22,-115.221,53.6402,565.062,1192.13,-561,412
6334.25,-115.221,53.6402,565.062,1192.13,-594,353
6340.18,-115.221,53.6402,565.062,1192.13,-619,302
6346.1,-115.221,53.6402,565.062,1192.13,-638,267
6352.18,-115.221,53.6402,565.062,1192.13,-650,242
6358.26,-115.221,53.6402,565.062,1192.13,-657,231
6364.32,-115.221,53.6402,565.062,1192.13,-658,231
6370.25,-115.221,53.6402,565.062,1192.13,-657,236
6376.11,-115.221,53.6402,565.062,1192.13,-654,253
6382.19,-103.722,72.2708,497.045,1103.71,-645,293
6388.26,-103.722,72.2708,497.045,1103.71,-629,352
6394.33,-103.722,72.2708,497.045,1103.71,-604,427
6400.24,-103.722,72.2708,497.045,1103.71,-574,517
6406.25,-103.722,72.2708,497.045,1103.71,-540,615
6412.2,-103.722,72.2708,497.045,1103.71,-505,711
6418.09,-103.722,72.2708,497.045,1103.71,-472,794
6424.28,-103.722,72.2708,497.045,1103.71,-444,873
6430.25,-103.722,72.2708,497.045,1103.71,-423,931
6436.1,-103.722,72.2708,497.045,1103.71,-409,973
6442.08,-103.722,72.2708,497.045,1103.71,-398,1004
6448.08,-103.722,72.2708,497.045,1103.71,-392,1022
6454.14,-103.722,72.2708,497.045,1103.71,-388,1028
6460.13,-90.2886,88.0113,424.843,1028.77,-381,1041
6466.06,-90.2886,88.0113,424.843,1028.77,-369,1064
6472.05,-90.2886,88.0113,424.843,1028.77,-352,1102
6478.05,-90.2886,88.0113,424.843,1028.77,-328,1152
6484.07,-90.2886,88.0113,424.843,1028.77,-307,1198
6490.04,-90.2886,88.0113,424.843,1028.77,-292,1230
6496.04,-90.2886,88.0113,424.843,1028.77,-282,1249
6502.04,-90.2886,88.0113,424.843,1028.77,-277,1256
6508.05,-90.2886,88.0113,424.843,1028.77,-277,1253
6514.05,-90.2886,88.0113,424.843,1028.77,-279,1241
6520.05,-90.2886,88.0113,424.843,1028.77,-284,1213
6526.05,-90.2886,88.0113,424.843,1028.77,-297,1168
6532.06,-90.2886,88.0113,424.843,1028.77,-319,1107
6538.06,-75.2791,101.475,346.757,966.042,-350,1031
6544.06,-75.2791,101.475,346.757,966.042,-386,941
6550.06,-75.2791,101.475,346.757,966.042,-427,840
6556.06,-75.2791,101.475,346.757,966.042,-465,746
6562.06,-75.2791,101.475,346.757,966.042,-498,662
6568.06,-75.2791,101.475,346.757,966.042,-527,592
6574.07,-75.2791,101.475,346.757,966.042,-552,535
6580.07,-75.2791,101.475,346.757,966.042,-571,492
6586.07,-75.2791,101.475,346.757,966.042,-584,464
6592.07,-75.2791,101.475,346.757,966.042,-590,449
6598.07,-75.2791,101.475,346.757,966.042,-595,444
6603.28,-75.2791,101.475,346.757,966.042,-603,436
6609.3,-75.2791,101.475,346.757,966.042,-622,418
6615.21,-58.3629,113.208,259.965,911.867,-651,391
6621.29,-58.3629,113.208,259.965,911.867,-688,358
6627.25,-58.3629,113.208,259.965,911.867,-715,332
6633.25,-58.3629,113.208,259.965,911.867,-732,316
6639.29,-58.3629,113.208,259.965,911.867,-740,310
6645.16,-58.3629,113.208,259.965,911.867,-740,311
6650.36,-58.3629,113.208,259.965,911.867,-738,317
6656.33,-58.3629,113.208,259.965,911.867,-734,339
6662.15,-58.3629,113.208,259.965,911.867,-724,379
6668.29,-58.3629,113.208,259.965,911.867,-704,441
6674.4,-58.3629,113.208,259.965,911.867,-680,516
6680.28,-58.3629,113.208,259.965,911.867,-652,602
6686.35,-58.3629,113.208,259.965,911.867,-620,686
6692.35,-58.3629,113.208,259.965,911.867,-594,761
6698.2,-58.3629,113.208,259.965,911.867,-574,823
6704.35,-39.8712,121.414,167.56,836.967,-555,875
6710.28,-39.8712,121.414,167.56,836.967,-542,907
6716.32,-39.8712,121.414,167.56,836.967,-532,927
6722.32,-39.8712,121.414,167.56,836.967,-529,934
6728.33,-39.8712,121.414,167.56,836.967,-529,932
6734.37,-39.8712,121.414,167.56,836.967,-530,920
6740.37,-39.8712,121.414,167.56,836.967,-534,891
6746.29,-39.8712,121.414,167.56,836.967,-541,843
6752.37,-39.8712,121.414,167.56,836.967,-559,781
6758.37,-39.8712,121.414,167.56,836.967,-584,705
6764.43,-39.8712,121.414,167.56,836.967,-608,628
6770.38,-39.8712,121.414,167.56,836.967,-628,564
6778.61,-39.8712,121.414,167.56,836.967,-650,501
6784.31,-39.8712,121.414,167.56,836.967,-659,469
6791.35,-20.3336,125.346,67.6658,590.996,-666,451
6797.21,-20.3336,125.346,67.6658,590.996,-668,449
6803.36,-20.3336,125.346,67.6658,590.996,-670,454
6809.36,-20.3336,125.346,67.6658,590.996,-672,471
6815.36,-20.3336,125.346,67.6658,590.996,-674,501
6821.32,-20.3336,125.346,67.6658,590.996,-675,528
6827.32,-20.3336,125.346,67.6658,590.996,-677,542
6833.4,-20.3336,125.346,67.6658,590.996,-677,545
6839.26,-20.3336,125.346,67.6658,590.996,-677,546
6845.42,-20.3336,125.346,67.6658,590.996,-677,547
6851.32,-20.3336,125.346,67.6658,590.996,-677,548
6859.2,-20.3336,125.346,67.6658,590.996,-677,549
6865.33,-2.54728,127.9,398.834,245.368,-678,550
6871.33,-2.54728,127.9,398.834,245.368,-678,551
6877.42,-2.54728,127.9,398.834,245.368,-673,551
6883.39,-2.54728,127.9,398.834,245.368,-653,550
6889.34,-2.54728,127.9,398.834,245.368,-618,546
6895.45,-2.54728,127.9,398.834,245.368,-560,536
6901.4,-2.54728,127.9,398.834,245.368,-488,520
6907.27,-2.54728,127.9,398.834,245.368,-406,498
6913.42,-2.54728,127.9,398.834,245.368,-302,470
6919.35,-2.54728,127.9,398.834,245.368,-197,439
6925.48,-2.54728,127.9,398.834,245.368,-77,407
6931.36,-2.54728,127.9,398.834,245.368,27,376
6937.29,-2.54728,127.9,398.834,245.368,121,350
6943.35,14.805,127.487,306.935,85.271,199,325
6949.42,14.805,127.487,306.935,85.271,269,305
6955.41,14.805,127.487,306.935,85.271,324,289
6961.48,14.805,127.487,306.935,85.271,362,278
6967.49,14.805,127.487,306.935,85.271,385,271
6973.46,14.805,127.487,306.935,85.271,395,268
6979.37,14.805,127.487,306.935,85.271,395,267
6985.43,14.805,127.487,306.935,85.271,385,266
6991.49,14.805,127.487,306.935,85.271,360,266
6997.47,14.805,127.487,306.935,85.271,315,266
7003.63,14.805,127.487,306.935,85.271,254,267
7009.48,14.805,127.487,306.935,85.271,176,267
7015.3,14.805,127.487,306.935,85.271,84,268
7021.78,31.0628,124.536,177.296,-94.2583,-30,270
7027.45,31.0628,124.536,177.296,-94.2583,-140,273
7033.38,31.0628,124.536,177.296,-94.2583,-238,277
7039.71,31.0628,124.536,177.296,-94.2583,-333,281
7045.28,31.0628,124.536,177.296,-94.2583,-400,285
7051.38,31.0628,124.536,177.296,-94.2583,-458,289
7057.31,31.0628,124.536,177.296,-94.2583,-500,293
7063.38,31.0628,124.536,177.296,-94.2583,-528,296
7069.46,31.0628,124.536,177.296,-94.2583,-545,299
7075.3,31.0628,124.536,177.296,-94.2583,-548,299
7081.44,31.0628,124.536,177.296,-94.2583,-546,296
7087.3,31.0628,124.536,177.296,-94.2583,-540,284
7093.27,31.0628,124.536,177.296,-94.2583,-527,259
7099.31,47.4824,119.927,5.55825,-272.153,-513,233
7105.34,47.4824,119.927,5.55825,-272.153,-504,220
7111.48,47.4824,119.927,5.55825,-272.153,-498,215
7117.44,47.4824,119.927,5.55825,-272.153,-486,209
7123.46,47.4824,119.927,5.55825,-272.153,-459,197
7129.4,47.4824,119.927,5.55825,-272.153,-423,178
7135.48,47.4824,119.927,5.55825,-272.153,-370,153
7141.47,47.4824,119.927,5.55825,-272.153,-311,124
7147.34,47.4824,119.927,5.55825,-272.153,-260,98
7153.49,47.4824,119.927,5.55825,-272.153,-218,77
7159.57,47.4824,119.927,5.55825,-272.153,-190,65
7165.58,47.4824,119.927,5.55825,-272.153,-175,58
7171.43,47.4824,119.927,5.55825,-272.153,-170,55
7177.33,47.4824,119.927,5.55825,-272.153,-168,53
7183.31,62.1825,113.302,-134.98,-390.997,-166,53
7189.49,62.1825,113.302,-134.98,-390.997,-165,50
7195.42,62.1825,113.302,-134.98,-390.997,-164,35
7201.48,62.1825,113.302,-134.98,-390.997,-161,5
7207.53,62.1825,113.302,-134.98,-390.997,-157,-40
7213.34,62.1825,113.302,-134.98,-390.997,-153,-97
7219.48,62.1825,113.302,-134.98,-390.997,-147,-174
7225.53,62.1825,113.302,-134.98,-390.997,-141,-246
7231.37,62.1825,113.302,-134.98,-390.997,-136,-303
7237.33,62.1825,113.302,-134.98,-390.997,-133,-348
7243.49,62.1825,113.302,-134.98,-390.997,-131,-380
7249.5,62.1825,113.302,-134.98,-390.997,-128,-396
7256.1,75.3004,105.687,-336.025,-525.758,-127,-401
7262.38,75.3004,105.687,-336.025,-525.758,-127,-403
7268.49,75.3004,105.687,-336.025,-525.758,-129,-408
7274.5,75.3004,105.687,-336.025,-525.758,-141,-420
7280.5,75.3004,105.687,-336.025,-525.758,-168,-440
7286.45,75.3004,105.687,-336.025,-525.758,-210,-466
7292.45,75.3004,105.687,-336.025,-525.758,-254,-493
7298.51,75.3004,105.687,-336.025,-525.758,-288,-513
7304.58,75.3004,105.687,-336.025,-525.758,-307,-525
7310.47,75.3004,105.687,-336.025,-525.758,-315,-529
7316.53,75.3004,105.687,-336.025,-525.758,-318,-530
7322.47,75.3004,105.687,-336.025,-525.758,-319,-531
7328.55,75.3004,105.687,-336.025,-525.758,-320,-531
7334.55,75.3004,105.687,-336.025,-525.758,-321,-532
7340.38,75.3004,105.687,-336.025,-525.758,-322,-532
7346.49,75.3004,105.687,-336.025,-525.758,-323,-532
7353.63,87.4983,95.9305,-539.49,-667.781,-324,-532
7359.58,87.4983,95.9305,-539.49,-667.781,-325,-532
7365.55,87.4983,95.9305,-539.49,-667.781,-333,-534
7371.55,87.4983,95.9305,-539.49,-667.781,-352,-544
7377.51,87.4983,95.9305,-539.49,-667.781,-384,-561
7383.53,87.4983,95.9305,-539.49,-667.781,-427,-590
7389.57,87.4983,95.9305,-539.49,-667.781,-472,-619
7395.57,87.4983,95.9305,-539.49,-667.781,-506,-641
7401.6,87.4983,95.9305,-539.49,-667.781,-529,-656
7407.5,87.4983,95.9305,-539.49,-667.781,-540,-663
7414.42,87.4983,95.9305,-539.49,-667.781,-544,-664
7420.36,87.4983,95.9305,-539.49,-667.781,-545,-665
7426.41,98.6121,85.247,-718.192,-674.46,-546,-666
7432.5,98.6121,85.247,-718.192,-674.46,-549,-666
7438.55,98.6121,85.247,-718.192,-674.46,-563,-666
7444.5,98.6121,85.247,-718.192,-674.46,-591,-667
7450.5,98.6121,85.247,-718.192,-674.46,-634,-668
7456.5,98.6121,85.247,-718.192,-674.46,-676,-669
7462.41,98.6121,85.247,-718.192,-674.46,-705,-669
7468.56,98.6121,85.247,-718.192,-674.46,-720,-670
7474.58,98.6121,85.247,-718.192,-674.46,-725,-670
7480.64,98.6121,85.247,-718.192,-674.46,-726,-671
7486.59,98.6121,85.247,-718.192,-674.46,-726,-671
7492.52,98.6121,85.247,-718.192,-674.46,-727,-672
7498.85,98.6121,85.247,-718.192,-674.46,-727,-672
7504.53,98.6121,85.247,-718.192,-674.46,-727,-673
7510.52,108.84,71.4442,-976.271,-763.644,-727,-673
7516.57,108.84,71.4442,-976.271,-763.644,-730,-673
7522.57,108.84,71.4442,-976.271,-763.644,-744,-676
7528.58,108.84,71.4442,-976.271,-763.644,-773,-684
7534.57,108.84,71.4442,-976.271,-763.644,-816,-699
7540.68,108.84,71.4442,-976.271,-763.644,-868,-717
7546.61,108.84,71.4442,-976.271,-763.644,-916,-735
7552.61,108.84,71.4442,-976.271,-763.644,-950,-748
7558.65,108.84,71.4442,-976.271,-763.644,-970,-756
7564.66,108.84,71.4442,-976.271,-763.644,-978,-758
7570.62,108.84,71.4442,-976.271,-763.644,-979,-759
7576.45,108.84,71.4442,-976.271,-763.644,-980,-760
7583.38,116.128,49.4031,-1151.36,-674.987,-980,-761
7589.7,116.128,49.4031,-1151.36,-674.987,-981,-761
7595.55,116.128,49.4031,-1151.36,-674.987,-988,-760
7601.39,116.128,49.4031,-1151.36,-674.987,-1008,-758
7607.39,116.128,49.4031,-1151.36,-674.987,-1041,-751
7613.39,116.128,49.4031,-1151.36,-674.987,-1083,-737
7619.4,116.128,49.4031,-1151.36,-674.987,-1118,-721
7625.4,116.128,49.4031,-1151.36,-674.987,-1141,-709
7631.37,116.128,49.4031,-1151.36,-674.987,-1151,-703
7637.41,116.128,49.4031,-1151.36,-674.987,-1152,-699
7643.37,116.128,49.4031,-1151.36,-674.987,-1152,-697
7649.41,116.128,49.4031,-1151.36,-674.987,-1153,-696
7655.39,-96.8667,-111.821,928.949,895.649,-1153,-694
7661.39,-96.8667,-111.821,928.949,895.649,-1154,-692
7667.38,-96.8667,-111.821,928.949,895.649,-1150,-685
7673.37,-96.8667,-111.821,928.949,895.649,-1135,-668
7679.41,-96.8667,-111.821,928.949,895.649,-1106,-644
7685.38,-96.8667,-111.821,928.949,895.649,-1063,-610
7691.38,-96.8667,-111.821,928.949,895.649,-1010,-569
7697.39,-96.8667,-111.821,928.949,895.649,-943,-519
7703.38,-96.8667,-111.821,928.949,895.649,-864,-459
7709.39,-96.8667,-111.821,928.949,895.649,-770,-388
7715.39,-96.8667,-111.821,928.949,895.649,-675,-310
7721.39,-96.8667,-111.821,928.949,895.649,-579,-233
7727.38,-96.8667,-111.821,928.949,895.649,-483,-160
7733.42,122.497,13.8881,-1500,-642.953,-383,-87
7739.41,122.497,13.8881,-1500,-642.953,-287,-12
7745.41,122.497,13.8881,-1500,-642.953,-191,65
7751.4,122.497,13.8881,-1500,-642.953,-94,143
7756.59,122.497,13.8881,-1500,-642.953,-10,206
7762.44,122.497,13.8881,-1500,-642.953,86,276
7768.43,122.497,13.8881,-1500,-642.953,180,350
7774.59,122.497,13.8881,-1500,-642.953,279,430
7780.6,122.497,13.8881,-1500,-642.953,379,507
7786.61,122.497,13.8881,-1500,-642.953,475,580
7792.61,122.497,13.8881,-1500,-642.953,569,651
7798.61,122.497,13.8881,-1500,-642.953,659,718
7804.69,122.497,13.8881,-1500,-642.953,742,777
7810.62,122.497,13.8881,-1500,-642.953,803,827
7816.52,122.497,13.8881,-1500,-642.953,854,867
7822.61,114.395,-3.41024,-1500,-642.953,894,899
7828.62,114.395,-3.41024,-1478.6,-334.368,924,921
7834.69,114.395,-3.41024,-1478.6,-334.368,944,935
7840.62,114.395,-3.41024,-1478.6,-334.368,952,940
7846.54,114.395,-3.41024,-1478.6,-334.368,951,939
7852.52,114.395,-3.41024,-1478.6,-334.368,945,936
7858.68,114.395,-3.41024,-1478.6,-334.368,923,924
7864.68,114.395,-3.41024,-1478.6,-334.368,885,900
7870.53,114.395,-3.41024,-1478.6,-334.368,833,867
7876.69,114.395,-3.41024,-1478.6,-334.368,763,821
7882.52,114.395,-3.41024,-1478.6,-334.368,687,772
7888.68,114.395,-3.41024,-1478.6,-334.368,593,707
7894.54,114.395,-3.41024,-1478.6,-334.368,496,641
7900.58,104.56,-14.01,-1418.56,91.2705,392,573
7906.69,104.56,-14.01,-1418.56,91.2705,286,501
7912.64,104.56,-14.01,-1418.56,91.2705,188,435
7918.71,104.56,-14.01,-1418.56,91.2705,80,364
7924.64,104.56,-14.01,-1418.56,91.2705,-19,295
7930.74,104.56,-14.01,-1418.56,91.2705,-123,225
7936.73,104.56,-14.01,-1418.56,91.2705,-225,158
7942.8,104.56,-14.01,-1418.56,91.2705,-327,89
7948.76,104.56,-14.01,-1418.56,91.2705,-430,21
7954.77,104.56,-14.01,-1418.56,91.2705,-530,-48
7960.66,104.56,-14.01,-1418.56,91.2705,-628,-116
7966.73,104.56,-14.01,-1418.56,91.2705,-736,-186
7972.67,104.56,-14.01,-1418.56,91.2705,-833,-254
7978.55,104.56,-14.01,-1418.56,91.2705,-934,-320
7984.67,122.541,-27.6413,-1500,163.027,-1037,-390
7990.67,122.541,-27.6413,-1500,163.027,-1139,-459
7996.67,122.541,-27.6413,-1500,163.027,-1240,-528
8002.67,122.541,-27.6413,-1500,163.027,-1343,-598
8008.77,122.541,-27.6413,-1500,163.027,-1448,-667
8014.67,122.541,-27.6413,-1500,163.027,-1545,-731
8020.68,122.541,-27.6413,-1500,163.027,-1647,-801
8026.75,122.541,-27.6413,-1500,163.027,-1752,-870
8032.79,122.541,-27.6413,-1500,163.027,-1851,-939
8038.71,122.541,-27.6413,-1500,163.027,-1941,-1003
8044.76,122.541,-27.6413,-1500,163.027,-2028,-1060
8050.69,122.541,-27.6413,-1500,163.027,-2094,-1107
8056.6,122.541,-27.6413,-1500,163.027,-2153,-1143
8062.75,122.541,-27.6413,-1500,163.027,-2198,-1177
8069,121.607,-41.403,-1500,230.578,-2233,-1202
8074.87,121.607,-41.403,-1500,230.578,-2254,-1216
8080.68,121.607,-41.403,-1500,230.578,-2265,-1223
8086.63,121.607,-41.403,-1500,230.578,-2270,-1227
8092.74,121.607,-41.403,-1500,230.578,-2286,-1235
8098.75,121.607,-41.403,-1500,230.578,-2314,-1249
8104.75,121.607,-41.403,-1500,230.578,-2355,-1270
8110.71,121.607,-41.403,-1500,230.578,-2405,-1299
8116.71,121.607,-41.403,-1500,230.578,-2470,-1335
8122.85,121.607,-41.403,-1500,230.578,-2552,-1378
8128.81,121.607,-41.403,-1500,230.578,-2644,-1430
8135.09,121.607,-41.403,-1500,230.578,-2751,-1488
8140.59,121.607,-41.403,-1500,230.578,-2847,-1539
8146.72,110.156,-58.5871,-1500,326.211,-2952,-1597
8152.79,110.156,-58.5871,-1500,326.211,-3065,-1658
8158.72,110.156,-58.5871,-1500,326.211,-3164,-1714
8164.79,110.156,-58.5871,-1500,326.211,-3257,-1765
8170.79,110.156,-58.5871,-1500,326.211,-3336,-1811
8176.79,110.156,-58.5871,-1500,326.211,-3404,-1848
8182.8,110.156,-58.5871,-1500,326.211,-3460,-1876
8188.82,110.156,-58.5871,-1500,326.211,-3501,-1897
8194.73,110.156,-58.5871,-1500,326.211,-3526,-1912
8200.85,110.156,-58.5871,-1500,326.211,-3541,-1920
8206.73,110.156,-58.5871,-1500,326.211,-3546,-1922
8213.24,110.156,-58.5871,-1500,326.211,-3545,-1920
8220.19,93.0209,-76.1211,-1500,326.211,-3542,-1908
8226.78,93.0209,-76.1211,-1500,415.519,-3527,-1874
8232.79,93.0209,-76.1211,-1500,415.519,-3496,-1826
8238.73,93.0209,-76.1211,-1500,415.519,-3455,-1766
8244.73,93.0209,-76.1211,-1500,415.519,-3402,-1694
8250.8,93.0209,-76.1211,-1500,415.519,-3341,-1611
8256.74,93.0209,-76.1211,-1500,415.519,-3280,-1522
8262.75,93.0209,-76.1211,-1500,415.519,-3217,-1437
8268.79,93.0209,-76.1211,-1500,415.519,-3159,-1367
8274.68,93.0209,-76.1211,-1500,415.519,-3115,-1313
8280.75,93.0209,-76.1211,-1500,415.519,-3078,-1267
8286.64,93.0209,-76.1211,-1500,415.519,-3053,-1236
8292.76,93.0209,-76.1211,-1500,415.519,-3036,-1211
8298.65,93.0209,-76.1211,-1500,415.519,-3027,-1199
8304.84,69.3324,-94.9576,-1500,509.122,-3020,-1190
8310.84,69.3324,-94.9576,-1500,509.122,-3005,-1178
8316.84,69.3324,-94.9576,-1500,509.122,-2979,-1157
8322.82,69.3324,-94.9576,-1500,509.122,-2940,-1127
8328.91,69.3324,-94.9576,-1500,509.122,-2888,-1088
8334.71,69.3324,-94.9576,-1500,509.122,-2826,-1040
8340.84,69.3324,-94.9576,-1500,509.122,-2746,-981
8346.77,69.3324,-94.9576,-1500,509.122,-2662,-919
8352.91,69.3324,-94.9576,-1500,509.122,-2565,-849
8358.86,69.3324,-94.9576,-1500,509.122,-2468,-773
8364.88,69.3324,-94.9576,-1500,509.122,-2370,-695
8370.79,69.3324,-94.9576,-1500,509.122,-2274,-618
8376.68,69.3324,-94.9576,-1500,509.122,-2178,-547
8382.78,39.4408,-116.489,-1500,623.812,-2081,-472
8388.88,39.4408,-116.489,-1500,623.812,-1985,-401
8394.86,39.4408,-116.489,-1500,623.812,-1903,-336
8400.85,39.4408,-116.489,-1500,623.812,-1834,-279
8406.85,39.4408,-116.489,-1500,623.812,-1776,-235
8412.85,39.4408,-116.489,-1500,623.812,-1731,-201
8418.86,39.4408,-116.489,-1500,623.812,-1697,-177
8424.86,39.4408,-116.489,-1500,623.812,-1674,-161
8430.86,39.4408,-116.489,-1500,623.812,-1662,-154
8436.87,39.4408,-116.489,-1500,623.812,-1657,-150
8442.89,39.4408,-116.489,-1500,623.812,-1645,-140
8448.8,39.4408,-116.489,-1500,623.812,-1621,-122
8454.9,39.4408,-116.489,-1500,623.812,-1584,-95
8460.72,39.4408,-116.489,-1500,623.812,-1537,-60
8467.71,4.89956,-125.108,-1460.61,641.48,-1467,-6
8473.7,4.89956,-125.108,-1460.61,641.48,-1395,49
8479.73,4.89956,-125.108,-1460.61,641.48,-1311,113
8485.81,4.89956,-125.108,-1460.61,641.48,-1217,184
8491.74,4.89956,-125.108,-1460.61,641.48,-1117,251
8497.81,4.89956,-125.108,-1460.61,641.48,-1019,325
8503.71,4.89956,-125.108,-1460.61,641.48,-923,394
8509.72,4.89956,-125.108,-1460.61,641.48,-825,469
8515.86,4.89956,-125.108,-1460.61,641.48,-725,543
8521.85,4.89956,-125.108,-1460.61,641.48,-643,601
8527.65,4.89956,-125.108,-1460.61,641.48,-577,649
8533.75,4.89956,-125.108,-1460.61,641.48,-517,694
8539.83,-34.0712,-122.557,-1460.61,641.48,-466,731
8545.91,-34.0712,-122.557,245.546,607.861,-426,759
8551.91,-34.0712,-122.557,245.546,607.861,-401,779
8557.91,-34.0712,-122.557,245.546,607.861,-389,789
8563.9,-34.0712,-122.557,245.546,607.861,-383,793
8569.91,-34.0712,-122.557,245.546,607.861,-373,800
8575.95,-34.0712,-122.557,245.546,607.861,-353,815
8581.93,-34.0712,-122.557,245.546,607.861,-321,837
8587.91,-34.0712,-122.557,245.546,607.861,-277,868
8593.92,-34.0712,-122.557,245.546,607.861,-220,907
8599.93,-34.0712,-122.557,245.546,607.861,-150,954
8605.95,-34.0712,-122.557,245.546,607.861,-66,1008
8611.85,-34.0712,-122.557,245.546,607.861,19,1066
8618.11,-34.0712,-122.557,245.546,607.861,100,1124
8623.76,-70.0588,-106.573,416.394,503.51,161,1169
8629.86,-70.0588,-106.573,416.394,503.51,216,1209
8635.96,-70.0588,-106.573,416.394,503.51,265,1238
8641.92,-70.0588,-106.573,416.394,503.51,297,1260
8647.86,-70.0588,-106.573,416.394,503.51,317,1272
8653.79,-70.0588,-106.573,416.394,503.51,326,1278
8659.76,-70.0588,-106.573,416.394,503.51,333,1282
8665.86,-70.0588,-106.573,416.394,503.51,347,1293
8671.76,-70.0588,-106.573,416.394,503.51,374,1310
8677.93,-70.0588,-106.573,416.394,503.51,416,1338
8683.93,-70.0588,-106.573,416.394,503.51,468,1373
8689.99,-70.0588,-106.573,416.394,503.51,532,1415
8696.21,-70.0588,-106.573,416.394,503.51,614,1468
8701.88,-99.7446,-81.1535,556.31,356.457,690,1519
8707.8,-99.7446,-81.1535,556.31,356.457,762,1565
8713.88,-99.7446,-81.1535,556.31,356.457,818,1606
8719.98,-99.7446,-81.1535,556.31,356.457,862,1635
8725.99,-99.7446,-81.1535,556.31,356.457,894,1657
8731.89,-99.7446,-81.1535,556.31,356.457,915,1671
8737.95,-99.7446,-81.1535,556.31,356.457,925,1677
8743.95,-99.7446,-81.1535,556.31,356.457,926,1677
8749.81,-99.7446,-81.1535,556.31,356.457,923,1672
8755.8,-99.7446,-81.1535,556.31,356.457,912,1655
8761.77,-99.7446,-81.1535,556.31,356.457,887,1623
8767.78,-99.7446,-81.1535,556.31,356.457,848,1576
8773.78,-99.7446,-81.1535,556.31,356.457,799,1517
8780,-99.7446,-81.1535,556.31,356.457,736,1442
8786.78,101.683,-26.1146,-1500,29.9986,661,1351
8792.78,101.683,-26.1146,-1500,29.9986,599,1277
8798.75,101.683,-26.1146,-1500,29.9986,544,1213
8804.71,101.683,-26.1146,-1500,29.9986,497,1161
8810.71,101.683,-26.1146,-1500,29.9986,461,1120
8816.72,101.683,-26.1146,-1500,29.9986,435,1090
8822.71,101.683,-26.1146,-1500,29.9986,418,1070
8828.73,101.683,-26.1146,-1500,29.9986,411,1061
8834.71,101.683,-26.1146,-1500,29.9986,403,1055
8840.71,101.683,-26.1146,-1500,29.9986,385,1043
8846.72,101.683,-26.1146,-1500,29.9986,354,1023
8852.72,101.683,-26.1146,-1500,29.9986,312,995
8858.72,-127.94,-7.72624,1116.09,997.222,258,961
8864.72,-127.94,-7.72624,1116.09,997.222,189,916
8870.72,-127.94,-7.72624,1116.09,997.222,106,864
8876.73,-127.94,-7.72624,1116.09,997.222,13,806
8882.75,-127.94,-7.72624,1116.09,997.222,-88,742
8888.77,-127.94,-7.72624,1116.09,997.222,-185,679
8894.73,-127.94,-7.72624,1116.09,997.222,-274,623
8900.73,-127.94,-7.72624,1116.09,997.222,-350,575
8906.73,-127.94,-7.72624,1116.09,997.222,-412,534
8912.76,-127.94,-7.72624,1116.09,997.222,-462,502
8918.73,-127.94,-7.72624,1116.09,997.222,-499,476
8924.8,-127.94,-7.72624,1116.09,997.222,-525,461
8930.93,-127.94,-7.72624,1116.09,997.222,-539,453
8936.88,-123.291,31.432,607.681,814.893,-545,448
8942.82,-123.291,31.432,607.681,814.893,-557,439
8948.01,-123.291,31.432,607.681,814.893,-577,425
8953.84,-123.291,31.432,607.681,814.893,-608,400
8960.01,-123.291,31.432,607.681,814.893,-654,364
8966,-123.291,31.432,607.681,814.893,-711,319
8971.85,-123.291,31.432,607.681,814.893,-773,269
8977.99,-123.291,31.432,607.681,814.893,-850,207
8983.96,-123.291,31.432,607.681,814.893,-917,153
8990.04,-123.291,31.432,607.681,814.893,-978,107
8995.97,-123.291,31.432,607.681,814.893,-1023,71
9001.99,-123.291,31.432,607.681,814.893,-1058,44
9007.97,-123.291,31.432,607.681,814.893,-1082,25
9013.98,-123.291,31.432,607.681,814.893,-1094,15
9019.85,-123.291,31.432,607.681,814.893,-1096,10
9026.39,-106.481,68.1619,607.681,814.893,-1092,-2
9032.2,-106.481,68.1619,505.584,709.486,-1081,-23
9038.06,-106.481,68.1619,505.584,709.486,-1058,-58
9044.01,-106.481,68.1619,505.584,709.486,-1024,-104
9050.01,-106.481,68.1619,505.584,709.486,-980,-162
9055.86,-106.481,68.1619,505.584,709.486,-927,-228
9062.01,-106.481,68.1619,505.584,709.486,-858,-312
9067.83,-106.481,68.1619,505.584,709.486,-786,-397
9073.99,-106.481,68.1619,505.584,709.486,-713,-491
9080,-106.481,68.1619,505.584,709.486,-650,-571
9085.93,-106.481,68.1619,505.584,709.486,-597,-636
9091.93,-106.481,68.1619,505.584,709.486,-552,-695
9097.88,-106.481,68.1619,505.584,709.486,-513,-741
9103.91,-81.496,97.2752,356.983,185.716,-483,-774
9110.05,-81.496,97.2752,356.983,185.716,-462,-798
9116.05,-81.496,97.2752,356.983,185.716,-451,-810
9122,-81.496,97.2752,356.983,185.716,-449,-816
9128,-81.496,97.2752,356.983,185.716,-452,-826
9134.06,-81.496,97.2752,356.983,185.716,-462,-849
9140,-81.496,97.2752,356.983,185.716,-482,-882
9145.9,-81.496,97.2752,356.983,185.716,-516,-925
9152,-81.496,97.2752,356.983,185.716,-562,-984
9157.89,-81.496,97.2752,356.983,185.716,-619,-1049
9164.1,-81.496,97.2752,356.983,185.716,-683,-1124
9170.09,-81.496,97.2752,356.983,185.716,-737,-1187
9175.96,-81.496,97.2752,356.983,185.716,-779,-1238
9182.43,-49.6502,119.206,188.972,-35.3308,-816,-1285
9187.95,-49.6502,119.206,188.972,-35.3308,-840,-1313
9194.08,-49.6502,119.206,188.972,-35.3308,-857,-1333
9200.08,-49.6502,119.206,188.972,-35.3308,-865,-1342
9206.11,-49.6502,119.206,188.972,-35.3308,-872,-1348
9212.08,-49.6502,119.206,188.972,-35.3308,-883,-1362
9218.08,-49.6502,119.206,188.972,-35.3308,-902,-1388
9223.97,-49.6502,119.206,188.972,-35.3308,-930,-1425
9230.04,-49.6502,119.206,188.972,-35.3308,-969,-1475
9236.11,-49.6502,119.206,188.972,-35.3308,-1019,-1534
9242.12,-49.6502,119.206,188.972,-35.3308,-1072,-1604
9248.12,-49.6502,119.206,188.972,-35.3308,-1124,-1671
9253.98,-49.6502,119.206,188.972,-35.3308,-1165,-1724
9259.95,-13.2173,128.597,188.972,-35.3308,-1199,-1769
9266.05,-13.2173,128.597,-3.65899,-277.596,-1225,-1806
9271.97,-13.2173,128.597,-3.65899,-277.596,-1242,-1826
9278.05,-13.2173,128.597,-3.65899,-277.596,-1250,-1835
9284.1,-13.2173,128.597,-3.65899,-277.596,-1257,-1836
9289.95,-13.2173,128.597,-3.65899,-277.596,-1274,-1837
9295.98,-13.2173,128.597,-3.65899,-277.596,-1305,-1841
9302.05,-13.2173,128.597,-3.65899,-277.596,-1351,-1845
9307.95,-13.2173,128.597,-3.65899,-277.596,-1411,-1850
9314.17,-13.2173,128.597,-3.65899,-277.596,-1491,-1858
9320.01,-13.2173,128.597,-3.65899,-277.596,-1576,-1868
9326.18,-13.2173,128.597,-3.65899,-277.596,-1685,-1880
9331.98,-13.2173,128.597,-3.65899,-277.596,-1797,-1893
9337.98,-13.2173,128.597,-3.65899,-277.596,-1917,-1905
9344.01,22.3017,128.262,-1136.31,-451.466,-2037,-1919
9350.07,22.3017,128.262,-1136.31,-451.466,-2159,-1934
9356.16,22.3017,128.262,-1136.31,-451.466,-2283,-1948
9362.07,22.3017,128.262,-1136.31,-451.466,-2398,-1962
9367.97,22.3017,128.262,-1136.31,-451.466,-2517,-1977
9373.99,22.3017,128.262,-1136.31,-451.466,-2636,-1992
9380.11,22.3017,128.262,-1136.31,-451.466,-2757,-2007
9386.14,22.3017,128.262,-1136.31,-451.466,-2881,-2021
9391.99,22.3017,128.262,-1136.31,-451.466,-2988,-2033
9398.16,22.3017,128.262,-1136.31,-451.466,-3093,-2045
9404.14,22.3017,128.262,-1136.31,-451.466,-3176,-2055
9410.1,22.3017,128.262,-1136.31,-451.466,-3243,-2063
9415.97,22.3017,128.262,-1136.31,-451.466,-3300,-2067
9421.99,56.1127,119.254,-1353.96,-583.453,-3342,-2072
9427.99,56.1127,119.254,-1353.96,-583.453,-3369,-2075
9434.16,56.1127,119.254,-1353.96,-583.453,-3384,-2077
9440.11,56.1127,119.254,-1353.96,-583.453,-3387,-2077
9445.96,56.1127,119.254,-1353.96,-583.453,-3385,-2076
9451.99,56.1127,119.254,-1353.96,-583.453,-3375,-2073
9458.02,56.1127,119.254,-1353.96,-583.453,-3345,-2064
