Kp,3,Ki,0.03,Kd,150
time,m_BallPos(0),m_BallPos(1),m_XCtrl.Output,m_YCtrl.Output,XEnc,YEnc
6.07038,-50.4667,19.9796,0,0,1,-1
12.0766,-50.4667,19.9796,0,0,1,-1
18.0787,-50.4667,19.9796,0,0,1,-1
23.9309,-50.4667,19.9796,0,0,1,-1
30.1572,-50.4667,19.9796,0,0,1,-1
36.0917,-50.4667,19.9796,0,0,1,-1
42.0927,-50.4667,19.9796,0,0,1,-1
48.0975,-50.4667,19.9796,0,0,1,-1
53.9502,-50.4667,19.9796,0,0,1,-1
60.1778,-50.4667,19.9796,0,0,1,-1
65.978,-50.4667,19.9796,0,0,1,-1
71.9442,-50.4667,19.9796,0,0,1,-1
96.995,-50.4737,19.9654,0,0,1,-1
230.372,-50.4737,19.9654,0,0,1,-1
236.101,-50.4737,19.9654,0,0,1,-1
242.05,-50.4737,19.9654,0,0,1,-1
248.068,-50.4737,19.9654,0,0,1,-1
254.236,-50.4737,19.9654,0,0,1,-1
260.237,-50.4737,19.9654,0,0,1,-1
266.118,-50.4737,19.9654,0,0,1,-1
272.102,-50.4737,19.9654,0,0,1,-1
278.073,-50.4737,19.9654,0,0,1,-1
284.26,-50.4737,19.9654,0,0,1,-1
290.123,-50.4737,19.9654,0,0,1,-1
296.111,-50.4737,19.9654,0,0,1,-1
302.138,-50.4737,19.9654,0,0,1,-1
308.094,-50.4737,19.9654,0,0,1,-1
314.021,-50.4722,19.9853,0,0,1,-1
320.092,-50.4722,19.9853,0,0,1,-1
326.199,-50.4722,19.9853,0,0,1,-1
332.122,-50.4722,19.9853,0,0,1,-1
338.172,-50.4722,19.9853,0,0,1,-1
344.138,-50.4722,19.9853,0,0,1,-1
350.124,-50.4722,19.9853,0,0,1,-1
356.303,-50.4722,19.9853,0,0,1,-1
362.143,-50.4722,19.9853,0,0,1,-1
368.12,-50.4722,19.9853,0,0,1,-1
374.152,-50.4722,19.9853,0,0,1,-1
380.267,-50.4722,19.9853,0,0,1,-1
386.135,-50.4722,19.9853,0,0,1,-1
392.079,-50.4804,19.9815,0,0,1,-1
398.145,-50.4804,19.9815,248.069,-145.166,1,-1
404.131,-50.4804,19.9815,248.069,-145.166,1,-2
410.133,-50.4804,19.9815,248.069,-145.166,6,-3
416.239,-50.4804,19.9815,248.069,-145.166,26,-11
422.247,-50.4804,19.9815,248.069,-145.166,69,-33
428.26,-50.4804,19.9815,248.069,-145.166,124,-65
434.231,-50.4804,19.9815,248.069,-145.166,170,-93
440.364,-50.4804,19.9815,248.069,-145.166,205,-114
446.37,-50.4804,19.9815,248.069,-145.166,227,-126
452.376,-50.4804,19.9815,248.069,-145.166,235,-132
458.277,-50.4804,19.9815,248.069,-145.166,237,-134
464.22,-50.4804,19.9815,248.069,-145.166,238,-135
470.149,-50.4804,19.9815,248.069,-145.166,238,-136
476.836,-50.5098,19.9634,151.582,-159.255,239,-137
483.272,-50.5098,19.9634,151.582,-159.255,239,-138
489.403,-50.5098,19.9634,151.582,-159.255,237,-140
495.204,-50.5098,19.9634,151.582,-159.255,223,-145
501.322,-50.5098,19.9634,151.582,-159.255,203,-153
507.208,-50.5098,19.9634,151.582,-159.255,187,-159
513.212,-50.5098,19.9634,151.582,-159.255,181,-161
519.338,-50.5098,19.9634,151.582,-159.255,179,-162
525.271,-50.5098,19.9634,151.582,-159.255,178,-163
531.354,-50.5098,19.9634,151.582,-159.255,177,-163
537.346,-50.5098,19.9634,151.582,-159.255,177,-164
543.265,-50.5098,19.9634,151.582,-159.255,176,-164
549.18,-50.5098,19.9634,151.582,-159.255,175,-164
555.721,-50.2252,19.7004,150.137,-200.387,174,-164
561.38,-50.2252,19.7004,150.137,-200.387,173,-164
567.369,-50.2252,19.7004,150.137,-200.387,168,-170
573.274,-50.2252,19.7004,150.137,-200.387,158,-184
579.373,-50.2252,19.7004,150.137,-200.387,152,-194
585.385,-50.2252,19.7004,150.137,-200.387,149,-197
591.394,-50.2252,19.7004,150.137,-200.387,147,-199
597.375,-50.2252,19.7004,150.137,-200.387,146,-200
603.282,-50.2252,19.7004,150.137,-200.387,146,-201
609.471,-50.2252,19.7004,150.137,-200.387,145,-201
615.479,-50.2252,19.7004,150.137,-200.387,145,-202
621.427,-50.2252,19.7004,150.137,-200.387,144,-202
627.401,-50.2252,19.7004,150.137,-200.387,143,-203
633.339,-50.2252,19.7004,150.137,-200.387,142,-203
639.334,-49.5658,19.045,147.479,-247.509,141,-204
645.506,-49.5658,19.045,147.479,-247.509,141,-207
651.511,-49.5658,19.045,147.479,-247.509,141,-220
657.509,-49.5658,19.045,147.479,-247.509,141,-236
663.511,-49.5658,19.045,147.479,-247.509,141,-245
669.383,-49.5658,19.045,147.479,-247.509,141,-247
675.413,-49.5658,19.045,147.479,-247.509,141,-248
681.368,-49.5658,19.045,147.479,-247.509,141,-249
687.533,-49.5658,19.045,147.479,-247.509,141,-249
693.537,-49.5658,19.045,147.479,-247.509,141,-249
699.401,-49.5658,19.045,147.479,-247.509,141,-249
705.288,-49.5658,19.045,147.479,-247.509,141,-249
711.292,-49.5658,19.045,147.479,-247.509,141,-249
717.36,-48.414,18.2292,142.997,-276.861,141,-249
723.556,-48.414,18.2292,142.997,-276.861,141,-254
729.402,-48.414,18.2292,142.997,-276.861,141,-266
735.493,-48.414,18.2292,142.997,-276.861,141,-275
741.563,-48.414,18.2292,142.997,-276.861,141,-277
747.565,-48.414,18.2292,142.997,-276.861,141,-278
753.506,-48.414,18.2292,142.997,-276.861,141,-279
759.515,-48.414,18.2292,142.997,-276.861,141,-279
765.585,-48.414,18.2292,142.997,-276.861,141,-280
771.587,-48.414,18.2292,142.997,-276.861,141,-280
777.431,-48.414,18.2292,142.997,-276.861,141,-280
783.442,-48.414,18.2292,142.997,-276.861,141,-280
789.365,-48.414,18.2292,142.997,-276.861,141,-280
796.477,-46.8585,17.4631,137.748,-334.136,141,-280
802.607,-46.8585,17.4631,137.748,-334.136,141,-280
808.436,-46.8585,17.4631,137.748,-334.136,141,-287
814.534,-46.8585,17.4631,137.748,-334.136,141,-305
820.555,-46.8585,17.4631,137.748,-334.136,140,-320
826.474,-46.8585,17.4631,137.748,-334.136,140,-326
832.566,-46.8585,17.4631,137.748,-334.136,140,-328
838.506,-46.8585,17.4631,137.748,-334.136,140,-329
844.635,-46.8585,17.4631,137.748,-334.136,140,-330
850.459,-46.8585,17.4631,137.748,-334.136,140,-330
856.648,-46.8585,17.4631,137.748,-334.136,140,-330
862.65,-46.8585,17.4631,137.748,-334.136,140,-330
868.476,-46.8585,17.4631,137.748,-334.136,140,-331
874.406,-46.8585,17.4631,137.748,-334.136,140,-331
880.491,-45.0921,16.6149,132.024,-368.497,140,-331
886.507,-45.0921,16.6149,132.024,-368.497,140,-333
892.49,-45.0921,16.6149,132.024,-368.497,138,-345
898.675,-45.0921,16.6149,132.024,-368.497,136,-359
904.499,-45.0921,16.6149,132.024,-368.497,135,-364
910.608,-45.0921,16.6149,132.024,-368.497,133,-366
916.526,-45.0921,16.6149,132.024,-368.497,133,-367
922.513,-45.0921,16.6149,132.024,-368.497,133,-368
928.516,-45.0921,16.6149,132.024,-368.497,132,-369
934.693,-45.0921,16.6149,132.024,-368.497,132,-369
940.699,-45.0921,16.6149,132.024,-368.497,132,-369
946.449,-45.0921,16.6149,132.024,-368.497,132,-369
953.58,-43.3205,15.491,126.45,-376.866,131,-369
959.707,-43.3205,15.491,126.45,-376.866,130,-369
965.644,-43.3205,15.491,126.45,-376.866,128,-372
971.654,-43.3205,15.491,126.45,-376.866,127,-373
977.648,-43.3205,15.491,126.45,-376.866,126,-374
983.481,-43.3205,15.491,126.45,-376.866,125,-375
989.543,-43.3205,15.491,126.45,-376.866,125,-375
995.546,-43.3205,15.491,126.45,-376.866,125,-375
1001.54,-43.3205,15.491,126.45,-376.866,125,-375
1007.56,-43.3205,15.491,126.45,-376.866,125,-375
1013.57,-43.3205,15.491,126.45,-376.866,125,-375
1019.6,-43.3205,15.491,126.45,-376.866,125,-375
1025.58,-43.3205,15.491,126.45,-376.866,125,-375
1031.58,-41.2322,13.5412,126.45,-376.866,125,-375
1037.58,-41.2322,13.5412,119.793,-422.238,125,-375
1043.69,-41.2322,13.5412,119.793,-422.238,124,-378
1049.7,-41.2322,13.5412,119.793,-422.238,123,-394
1055.59,-41.2322,13.5412,119.793,-422.238,122,-411
1061.72,-41.2322,13.5412,119.793,-422.238,121,-418
1067.79,-41.2322,13.5412,119.793,-422.238,121,-420
1073.63,-41.2322,13.5412,119.793,-422.238,121,-422
1079.8,-41.2322,13.5412,119.793,-422.238,121,-422
1085.65,-41.2322,13.5412,119.793,-422.238,121,-422
1091.81,-41.2322,13.5412,119.793,-422.238,121,-423
1097.81,-41.2322,13.5412,119.793,-422.238,121,-423
1103.67,-41.2322,13.5412,119.793,-422.238,121,-423
1109.64,-41.2322,13.5412,119.793,-422.238,121,-423
1116.66,-38.5521,10.0717,110.8,-446.388,121,-423
1122.58,-38.5521,10.0717,110.8,-446.388,121,-424
1128.63,-38.5521,10.0717,110.8,-446.388,118,-429
1134.58,-38.5521,10.0717,110.8,-446.388,115,-438
1140.71,-38.5521,10.0717,110.8,-446.388,113,-442
1146.73,-38.5521,10.0717,110.8,-446.388,111,-443
1152.64,-38.5521,10.0717,110.8,-446.388,111,-443
1158.64,-38.5521,10.0717,110.8,-446.388,111,-444
1164.76,-38.5521,10.0717,110.8,-446.388,111,-444
1170.75,-38.5521,10.0717,110.8,-446.388,111,-444
1176.77,-38.5521,10.0717,110.8,-446.388,111,-444
1182.74,-38.5521,10.0717,110.8,-446.388,111,-444
1188.69,-38.5521,10.0717,110.8,-446.388,111,-444
1194.63,-38.5521,10.0717,110.8,-446.388,111,-444
1200.75,-35.4741,5.16997,110.8,-446.388,111,-444
1206.72,-35.4741,5.16997,101.023,-456.53,111,-444
1212.89,-35.4741,5.16997,101.023,-456.53,109,-448
1218.8,-35.4741,5.16997,101.023,-456.53,106,-452
1224.7,-35.4741,5.16997,101.023,-456.53,104,-453
1230.79,-35.4741,5.16997,101.023,-456.53,104,-454
1236.8,-35.4741,5.16997,101.023,-456.53,103,-455
1242.83,-35.4741,5.16997,101.023,-456.53,102,-455
1248.91,-35.4741,5.16997,101.023,-456.53,102,-455
1254.92,-35.4741,5.16997,101.023,-456.53,102,-455
1260.92,-35.4741,5.16997,101.023,-456.53,102,-455
1266.78,-35.4741,5.16997,101.023,-456.53,102,-456
1273.76,-35.4741,5.16997,101.023,-456.53,102,-456
1279.74,-31.6772,-0.643629,87.3619,-375.352,102,-456
1285.93,-31.6772,-0.643629,87.3619,-375.352,102,-455
1291.8,-31.6772,-0.643629,87.3619,-375.352,100,-451
1297.87,-31.6772,-0.643629,87.3619,-375.352,96,-435
1303.75,-31.6772,-0.643629,87.3619,-375.352,92,-419
1309.75,-31.6772,-0.643629,87.3619,-375.352,90,-410
1315.88,-31.6772,-0.643629,87.3619,-375.352,89,-407
1321.89,-31.6772,-0.643629,87.3619,-375.352,89,-404
1327.77,-31.6772,-0.643629,87.3619,-375.352,89,-402
1333.9,-31.6772,-0.643629,87.3619,-375.352,89,-401
1339.79,-31.6772,-0.643629,87.3619,-375.352,88,-400
1345.78,-31.6772,-0.643629,87.3619,-375.352,88,-398
1352.17,-29.2081,-7.38072,87.3619,-375.352,88,-396
1357.8,-29.2081,-7.38072,82.8399,-353.194,88,-395
1363.99,-29.2081,-7.38072,82.8399,-353.194,88,-388
1369.82,-29.2081,-7.38072,82.8399,-353.194,86,-371
1375.83,-29.2081,-7.38072,82.8399,-353.194,84,-354
1381.8,-29.2081,-7.38072,82.8399,-353.194,84,-347
1387.93,-29.2081,-7.38072,82.8399,-353.194,84,-345
1394.08,-29.2081,-7.38072,82.8399,-353.194,84,-343
1399.83,-29.2081,-7.38072,82.8399,-353.194,84,-342
1405.89,-29.2081,-7.38072,82.8399,-353.194,83,-340
1411.85,-29.2081,-7.38072,82.8399,-353.194,83,-340
1417.87,-29.2081,-7.38072,82.8399,-353.194,83,-339
1423.9,-29.2081,-7.38072,82.8399,-353.194,83,-338
1429.78,-29.2081,-7.38072,82.8399,-353.194,83,-337
1435.85,-26.2595,-15.1096,73.2552,59.8062,83,-336
1441.86,-26.2595,-15.1096,73.2552,59.8062,83,-334
1447.86,-26.2595,-15.1096,73.2552,59.8062,83,-320
1453.79,-26.2595,-15.1096,73.2552,59.8062,82,-291
1459.84,-26.2595,-15.1096,73.2552,59.8062,82,-247
1465.93,-26.2595,-15.1096,73.2552,59.8062,81,-189
1471.93,-26.2595,-15.1096,73.2552,59.8062,79,-121
1477.85,-26.2595,-15.1096,73.2552,59.8062,78,-57
1483.9,-26.2595,-15.1096,73.2552,59.8062,76,-3
1490.07,-26.2595,-15.1096,73.2552,59.8062,76,37
1495.9,-26.2595,-15.1096,73.2552,59.8062,75,61
1501.97,-26.2595,-15.1096,73.2552,59.8062,75,70
1508.49,-26.2595,-15.1096,73.2552,59.8062,75,72
1514.83,-26.2595,-15.1096,73.2552,59.8062,75,73
1520.93,-22.8005,-23.3439,62.1761,84.8518,75,74
1526.9,-22.8005,-23.3439,62.1761,84.8518,72,77
1533,-22.8005,-23.3439,62.1761,84.8518,67,82
1538.91,-22.8005,-23.3439,62.1761,84.8518,64,83
1545.01,-22.8005,-23.3439,62.1761,84.8518,63,84
1551.02,-22.8005,-23.3439,62.1761,84.8518,62,84
1557,-22.8005,-23.3439,62.1761,84.8518,62,85
1563.04,-22.8005,-23.3439,62.1761,84.8518,62,85
1569.02,-22.8005,-23.3439,62.1761,84.8518,62,85
1575.14,-22.8005,-23.3439,62.1761,84.8518,61,85
1581.14,-22.8005,-23.3439,62.1761,84.8518,61,85
1587.01,-22.8005,-23.3439,62.1761,84.8518,61,85
1593.96,-22.8005,-23.3439,62.1761,84.8518,60,85
1599.98,-18.918,-31.8564,49.455,111.572,60,85
1606.15,-18.918,-31.8564,49.455,111.572,59,87
1612.06,-18.918,-31.8564,49.455,111.572,57,97
1618.06,-18.918,-31.8564,49.455,111.572,54,105
1624.06,-18.918,-31.8564,49.455,111.572,53,107
1630.08,-18.918,-31.8564,49.455,111.572,53,108
1636.07,-18.918,-31.8564,49.455,111.572,52,109
1642.09,-18.918,-31.8564,49.455,111.572,52,109
1648.02,-18.918,-31.8564,49.455,111.572,52,109
1654.19,-18.918,-31.8564,49.455,111.572,51,109
1660.19,-18.918,-31.8564,49.455,111.572,51,109
1666.04,-18.918,-31.8564,49.455,111.572,51,110
1671.94,-18.918,-31.8564,49.455,111.572,51,110
1678.02,-14.5919,-40.5162,35.5504,138.013,50,110
1684.03,-14.5919,-40.5162,35.5504,138.013,49,112
1690.15,-14.5919,-40.5162,35.5504,138.013,46,121
1696.21,-14.5919,-40.5162,35.5504,138.013,43,133
1702.16,-14.5919,-40.5162,35.5504,138.013,41,136
1708.05,-14.5919,-40.5162,35.5504,138.013,40,137
1714.22,-14.5919,-40.5162,35.5504,138.013,39,138
1720.17,-14.5919,-40.5162,35.5504,138.013,39,138
1726.08,-14.5919,-40.5162,35.5504,138.013,39,138
1732.05,-14.5919,-40.5162,35.5504,138.013,38,138
1738.06,-14.5919,-40.5162,35.5504,138.013,38,138
1744.06,-14.5919,-40.5162,35.5504,138.013,38,138
1749.99,-14.5919,-40.5162,35.5504,138.013,38,138
1756.57,-9.58372,-48.4002,1500,159.999,37,138
1762.26,-9.58372,-48.4002,1500,159.999,37,138
1768.18,-9.58372,-48.4002,1500,159.999,39,138
1774.17,-9.58372,-48.4002,1500,159.999,52,138
1780.18,-9.58372,-48.4002,1500,159.999,84,139
1786.19,-9.58372,-48.4002,1500,159.999,139,139
1792.09,-9.58372,-48.4002,1500,159.999,211,139
1798.19,-9.58372,-48.4002,1500,159.999,295,140
1804.09,-9.58372,-48.4002,1500,159.999,393,141
1810.21,-9.58372,-48.4002,1500,159.999,504,142
1816.3,-9.58372,-48.4002,1500,159.999,627,144
1822.23,-9.58372,-48.4002,1500,159.999,751,145
1828.07,-9.58372,-48.4002,1500,159.999,868,146
1834.06,-9.58372,-48.4002,1500,159.999,992,147
1840.17,-4.06406,-55.8608,1500,159.999,1114,149
1846.12,-4.06406,-55.8608,1500,180.586,1212,150
1852.23,-4.06406,-55.8608,1500,180.586,1298,151
1858.21,-4.06406,-55.8608,1500,180.586,1372,152
1864.23,-4.06406,-55.8608,1500,180.586,1431,153
1870.22,-4.06406,-55.8608,1500,180.586,1472,154
1876.19,-4.06406,-55.8608,1500,180.586,1497,155
1882.34,-4.06406,-55.8608,1500,180.586,1508,156
1888.35,-4.06406,-55.8608,1500,180.586,1509,156
1894.35,-4.06406,-55.8608,1500,180.586,1504,156
1900.35,-4.06406,-55.8608,1500,180.586,1484,156
1906.18,-4.06406,-55.8608,1500,180.586,1445,156
1912.11,-4.06406,-55.8608,1500,180.586,1389,156
1918.11,-4.06406,-55.8608,1500,180.586,1315,157
1924.23,2.6844,-62.6561,1500,180.586,1220,158
1930.19,2.6844,-62.6561,1479.85,200.145,1113,159
1936.16,2.6844,-62.6561,1479.85,200.145,994,160
1942.25,2.6844,-62.6561,1479.85,200.145,876,161
1948.26,2.6844,-62.6561,1479.85,200.145,767,162
1954.26,2.6844,-62.6561,1479.85,200.145,672,163
1960.27,2.6844,-62.6561,1479.85,200.145,594,163
1966.27,2.6844,-62.6561,1479.85,200.145,531,164
1972.3,2.6844,-62.6561,1479.85,200.145,482,164
1978.27,2.6844,-62.6561,1479.85,200.145,446,164
1984.2,2.6844,-62.6561,1479.85,200.145,424,165
1990.35,11.1585,-68.8798,1479.85,200.145,416,165
1996.29,11.1585,-68.8798,1224.3,220.741,405,165
2002.31,11.1585,-68.8798,1224.3,220.741,380,168
2008.29,11.1585,-68.8798,1224.3,220.741,347,170
2014.29,11.1585,-68.8798,1224.3,220.741,322,172
2020.31,11.1585,-68.8798,1224.3,220.741,312,173
2026.26,11.1585,-68.8798,1224.3,220.741,313,175
2032.44,11.1585,-68.8798,1224.3,220.741,323,176
2038.3,11.1585,-68.8798,1224.3,220.741,348,177
2044.28,11.1585,-68.8798,1224.3,220.741,393,178
2050.46,11.1585,-68.8798,1224.3,220.741,456,179
2056.28,11.1585,-68.8798,1224.3,220.741,536,181
2062.37,11.1585,-68.8798,1224.3,220.741,622,183
2070.49,11.1585,-68.8798,1224.3,220.741,716,185
2076.29,21.6193,-74.5271,1224.3,220.741,766,187
2082.29,21.6193,-74.5271,1416.85,233.455,802,187
2088.32,21.6193,-74.5271,1416.85,233.455,825,188
2094.33,21.6193,-74.5271,1416.85,233.455,835,189
2100.34,21.6193,-74.5271,1416.85,233.455,834,189
2106.36,21.6193,-74.5271,1416.85,233.455,825,189
2112.35,21.6193,-74.5271,1416.85,233.455,800,190
2118.44,21.6193,-74.5271,1416.85,233.455,762,190
2124.32,21.6193,-74.5271,1416.85,233.455,729,190
2130.33,21.6193,-74.5271,1416.85,233.455,711,189
2136.33,21.6193,-74.5271,1416.85,233.455,704,190
2142.34,21.6193,-74.5271,1416.85,233.455,703,189
2147.92,21.6193,-74.5271,1416.85,233.455,702,190
2153.76,33.242,-79.5235,1222.01,248.405,701,189
2159.32,33.242,-79.5235,1222.01,248.405,701,190
2165.43,33.242,-79.5235,1222.01,248.405,703,189
2171.41,33.242,-79.5235,1222.01,248.405,714,190
2177.41,33.242,-79.5235,1222.01,248.405,743,190
2192.44,33.242,-79.5235,1222.01,248.405,897,197
2198.45,33.242,-79.5235,1222.01,248.405,982,205
2204.49,33.242,-79.5235,1222.01,248.405,1058,213
2210.56,33.242,-79.5235,1222.01,248.405,1115,222
2216.5,33.242,-79.5235,1222.01,248.405,1156,228
2222.49,33.242,-79.5235,1222.01,248.405,1185,232
2228.33,33.242,-79.5235,1222.01,248.405,1201,235
2234.32,33.242,-79.5235,1222.01,248.405,1206,236
2240.38,46.561,-83.6436,1192.25,258.336,1208,237
2246.48,46.561,-83.6436,1192.25,258.336,1209,241
2252.51,46.561,-83.6436,1192.25,258.336,1208,251
2258.4,46.561,-83.6436,1192.25,258.336,1208,257
2264.47,46.561,-83.6436,1192.25,258.336,1208,259
2270.51,46.561,-83.6436,1192.25,258.336,1208,260
2276.48,46.561,-83.6436,1192.25,258.336,1208,261
2282.46,46.561,-83.6436,1192.25,258.336,1208,261
2288.5,46.561,-83.6436,1192.25,258.336,1208,261
2294.62,46.561,-83.6436,1192.25,258.336,1208,261
2300.63,46.561,-83.6436,1192.25,258.336,1208,261
2306.47,46.561,-83.6436,1192.25,258.336,1208,261
2312.38,46.561,-83.6436,1192.25,258.336,1208,261
2318.53,59.9744,-87.4204,934.557,269.441,1208,261
2324.5,59.9744,-87.4204,934.557,269.441,1206,261
2330.45,59.9744,-87.4204,934.557,269.441,1196,262
2336.45,59.9744,-87.4204,934.557,269.441,1171,262
2342.46,59.9744,-87.4204,934.557,269.441,1128,263
2348.46,59.9744,-87.4204,934.557,269.441,1071,264
2354.46,59.9744,-87.4204,934.557,269.441,1018,265
2360.4,59.9744,-87.4204,934.557,269.441,980,267
2366.45,59.9744,-87.4204,934.557,269.441,954,268
2372.45,59.9744,-87.4204,934.557,269.441,943,268
2378.54,59.9744,-87.4204,934.557,269.441,940,268
2384.43,59.9744,-87.4204,934.557,269.441,939,268
2391.01,75.8398,-89.3232,645.365,271.809,938,268
2396.47,75.8398,-89.3232,645.365,271.809,937,269
2402.55,75.8398,-89.3232,645.365,271.809,927,269
2408.55,75.8398,-89.3232,645.365,271.809,902,269
2414.49,75.8398,-89.3232,645.365,271.809,861,269
2420.57,75.8398,-89.3232,645.365,271.809,806,269
2426.49,75.8398,-89.3232,645.365,271.809,744,269
2432.58,75.8398,-89.3232,645.365,271.809,692,270
2438.58,75.8398,-89.3232,645.365,271.809,658,270
2444.54,75.8398,-89.3232,645.365,271.809,639,270
2450.58,75.8398,-89.3232,645.365,271.809,632,270
2456.73,75.8398,-89.3232,645.365,271.809,631,270
2462.56,75.8398,-89.3232,645.365,271.809,630,270
2468.48,75.8398,-89.3232,645.365,271.809,630,270
2474.48,75.8398,-89.3232,645.365,271.809,629,270
2480.48,75.8398,-89.3232,645.365,271.809,629,270
2486.43,75.8398,-89.3232,645.365,271.809,628,270
2492.49,75.8398,-89.3232,774.112,267.97,628,270
2498.54,75.8398,-89.3232,774.112,267.97,628,270
2504.49,75.8398,-89.3232,774.112,267.97,632,270
2510.66,75.8398,-89.3232,774.112,267.97,650,270
2516.54,75.8398,-89.3232,774.112,267.97,685,270
2522.5,75.8398,-89.3232,774.112,267.97,717,270
2528.55,75.8398,-89.3232,774.112,267.97,738,270
2534.55,75.8398,-89.3232,774.112,267.97,747,270
2540.51,75.8398,-89.3232,774.112,267.97,749,270
2546.45,75.8398,-89.3232,774.112,267.97,750,271
2552.53,94.0999,-76.2526,69.0515,194.068,752,271
2558.6,94.0999,-76.2526,69.0515,194.068,751,271
2564.59,94.0999,-76.2526,69.0515,194.068,743,271
2570.58,94.0999,-76.2526,69.0515,194.068,717,270
2576.58,94.0999,-76.2526,69.0515,194.068,670,270
2582.64,94.0999,-76.2526,69.0515,194.068,607,268
2588.55,94.0999,-76.2526,69.0515,194.068,532,264
2594.71,94.0999,-76.2526,69.0515,194.068,435,257
2600.75,94.0999,-76.2526,69.0515,194.068,342,248
2606.83,94.0999,-76.2526,69.0515,194.068,264,239
2612.77,94.0999,-76.2526,69.0515,194.068,202,230
2618.67,94.0999,-76.2526,69.0515,194.068,154,222
2624.67,94.0999,-76.2526,69.0515,194.068,119,219
2630.59,94.0999,-76.2526,69.0515,194.068,100,216
2636.67,99.6022,-55.7265,69.0515,194.068,92,214
2642.68,99.6022,-55.7265,59.883,132.979,89,212
2648.68,99.6022,-55.7265,59.883,132.979,86,206
2654.86,99.6022,-55.7265,59.883,132.979,80,186
2660.78,99.6022,-55.7265,59.883,132.979,70,158
2666.8,99.6022,-55.7265,59.883,132.979,62,135
2672.79,99.6022,-55.7265,59.883,132.979,57,126
2678.72,99.6022,-55.7265,59.883,132.979,57,124
2684.73,99.6022,-55.7265,59.883,132.979,56,123
2690.82,99.6022,-55.7265,59.883,132.979,56,121
2696.89,99.6022,-55.7265,59.883,132.979,56,120
2702.81,99.6022,-55.7265,59.883,132.979,55,119
2708.65,99.6022,-55.7265,59.883,132.979,55,119
2714.69,99.6022,-55.7265,59.883,132.979,54,118
2720.69,104.237,-41.111,-245.831,95.5533,54,117
2726.65,104.237,-41.111,-245.831,95.5533,50,116
2732.7,104.237,-41.111,-245.831,95.5533,34,115
2738.78,104.237,-41.111,-245.831,95.5533,1,113
2744.71,104.237,-41.111,-245.831,95.5533,-48,107
2750.78,104.237,-41.111,-245.831,95.5533,-109,104
2756.8,104.237,-41.111,-245.831,95.5533,-162,100
2762.78,104.237,-41.111,-245.831,95.5533,-202,96
2768.81,104.237,-41.111,-245.831,95.5533,-228,93
2774.87,104.237,-41.111,-245.831,95.5533,-240,91
2780.86,104.237,-41.111,-245.831,95.5533,-243,90
2786.78,104.237,-41.111,-245.831,95.5533,-244,89
2792.7,104.237,-41.111,-245.831,95.5533,-245,88
2798.96,109.527,-27.1712,-526.591,55.663,-245,87
2804.8,109.527,-27.1712,-526.591,55.663,-247,87
2810.83,109.527,-27.1712,-526.591,55.663,-256,86
2816.77,109.527,-27.1712,-526.591,55.663,-281,84
2822.86,109.527,-27.1712,-526.591,55.663,-321,81
2828.86,109.527,-27.1712,-526.591,55.663,-376,75
2834.98,109.527,-27.1712,-526.591,55.663,-433,70
2840.92,109.527,-27.1712,-526.591,55.663,-479,65
2846.93,109.527,-27.1712,-526.591,55.663,-509,61
2852.93,109.527,-27.1712,-526.591,55.663,-524,58
2858.82,109.527,-27.1712,-526.591,55.663,-528,57
2864.85,109.527,-27.1712,-526.591,55.663,-528,56
2870.75,109.527,-27.1712,-526.591,55.663,-529,55
2877.17,114.095,-14.087,-526.591,55.663,-530,55
2883.83,114.095,-14.087,-817.452,18.0835,-530,55
2890.02,114.095,-14.087,-817.452,18.0835,-535,54
2895.82,114.095,-14.087,-817.452,18.0835,-553,52
2901.91,114.095,-14.087,-817.452,18.0835,-588,48
2907.91,114.095,-14.087,-817.452,18.0835,-638,42
2913.83,114.095,-14.087,-817.452,18.0835,-698,34
2919.83,114.095,-14.087,-817.452,18.0835,-750,27
2926.05,114.095,-14.087,-817.452,18.0835,-788,22
2931.8,114.095,-14.087,-817.452,18.0835,-809,18
2937.87,114.095,-14.087,-817.452,18.0835,-818,16
2943.91,114.095,-14.087,-817.452,18.0835,-820,16
2949.8,114.095,-14.087,-817.452,18.0835,-820,15
2956.55,123.725,-9.07578,-1123.34,1500,-820,15
2961.96,123.725,-9.07578,-1123.34,1500,-821,15
2967.96,123.725,-9.07578,-1123.34,1500,-822,16
2973.94,123.725,-9.07578,-1123.34,1500,-825,26
2979.99,123.725,-9.07578,-1123.34,1500,-832,53
2985.94,123.725,-9.07578,-1123.34,1500,-840,100
2991.96,123.725,-9.07578,-1123.34,1500,-852,163
2997.96,123.725,-9.07578,-1123.34,1500,-868,240
3003.97,123.725,-9.07578,-1123.34,1500,-887,334
3009.96,123.725,-9.07578,-1123.34,1500,-908,445
3016.03,123.725,-9.07578,-1123.34,1500,-932,565
3022.04,123.725,-9.07578,-1123.34,1500,-956,684
3027.94,123.725,-9.07578,-1123.34,1500,-980,804
3033.74,123.725,-9.07578,-1123.34,1500,-1003,922
3039.88,123.626,0.431642,-1441.34,1481.16,-1028,1045
3045.91,123.626,0.431642,-1441.34,1481.16,-1051,1150
3051.99,123.626,0.431642,-1441.34,1481.16,-1069,1246
3057.99,123.626,0.431642,-1441.34,1481.16,-1085,1325
3064,123.626,0.431642,-1441.34,1481.16,-1098,1387
3070.01,123.626,0.431642,-1441.34,1481.16,-1108,1436
3076.14,123.626,0.431642,-1441.34,1481.16,-1114,1474
3081.97,123.626,0.431642,-1441.34,1481.16,-1118,1496
3087.97,123.626,0.431642,-1441.34,1481.16,-1120,1505
3094.09,123.626,0.431642,-1441.34,1481.16,-1121,1505
3099.92,123.626,0.431642,-1441.34,1481.16,-1123,1494
3106,123.626,0.431642,-1441.34,1481.16,-1127,1466
3112.05,123.626,0.431642,-1441.34,1481.16,-1133,1417
3118,125.248,9.57746,-1441.34,1481.16,-1141,1350
3123.93,125.248,9.57746,-1500,1454.5,-1150,1270
3130.18,125.248,9.57746,-1500,1454.5,-1161,1170
3136.11,125.248,9.57746,-1500,1454.5,-1175,1065
3141.94,125.248,9.57746,-1500,1454.5,-1188,950
3148.01,125.248,9.57746,-1500,1454.5,-1201,845
3154.01,125.248,9.57746,-1500,1454.5,-1212,756
3160.03,125.248,9.57746,-1500,1454.5,-1221,679
3166.01,125.248,9.57746,-1500,1454.5,-1228,617
3172.02,125.248,9.57746,-1500,1454.5,-1233,571
3178.12,125.248,9.57746,-1500,1454.5,-1237,537
3184.03,125.248,9.57746,-1500,1454.5,-1239,519
3190.28,125.248,9.57746,-1500,1454.5,-1240,512
3196.03,121.465,30.8462,-1500,1364.96,-1240,499
3202.14,121.465,30.8462,-1500,1364.96,-1239,473
3208.13,121.465,30.8462,-1500,1364.96,-1237,434
3214.05,121.465,30.8462,-1500,1364.96,-1232,380
3220.24,121.465,30.8462,-1500,1364.96,-1223,310
3226.1,121.465,30.8462,-1500,1364.96,-1212,250
3232.18,121.465,30.8462,-1500,1364.96,-1203,202
3238.08,121.465,30.8462,-1500,1364.96,-1195,168
3244.19,121.465,30.8462,-1500,1364.96,-1191,147
3250.27,121.465,30.8462,-1500,1364.96,-1189,141
3256.2,121.465,30.8462,-1500,1364.96,-1186,143
3262.2,121.465,30.8462,-1500,1364.96,-1182,154
3268.13,121.465,30.8462,-1500,1364.96,-1177,183
3274.03,121.465,30.8462,-1500,1364.96,-1170,231
3280.03,121.465,30.8462,-1500,1364.96,-1161,300
3285.97,121.465,30.8462,-1500,1364.96,-1150,381
3292.16,114.923,41.58,-1500,1358.02,-1135,484
3298.17,114.923,41.58,-1500,1358.02,-1122,580
3304.18,114.923,41.58,-1500,1358.02,-1111,661
3310.1,114.923,41.58,-1500,1358.02,-1101,730
3316.11,114.923,41.58,-1500,1358.02,-1094,788
3322.11,114.923,41.58,-1500,1358.02,-1088,831
3328.18,114.923,41.58,-1500,1358.02,-1083,856
3334.12,114.923,41.58,-1500,1358.02,-1080,868
3340.12,114.923,41.58,-1500,1358.02,-1080,875
3346.13,114.923,41.58,-1500,1358.02,-1084,888
3352.07,104.345,66.7936,-1500,1171.39,-1098,912
3358.13,104.345,66.7936,-1500,1171.39,-1120,938
3364.19,104.345,66.7936,-1500,1171.39,-1136,957
3370.14,104.345,66.7936,-1500,1171.39,-1144,965
3376.22,104.345,66.7936,-1500,1171.39,-1147,966
3382.22,104.345,66.7936,-1500,1171.39,-1150,960
3388.22,104.345,66.7936,-1500,1171.39,-1153,939
3394.1,104.345,66.7936,-1500,1171.39,-1156,897
3400.27,104.345,66.7936,-1500,1171.39,-1160,836
3406.29,104.345,66.7936,-1500,1171.39,-1166,761
3412.19,104.345,66.7936,-1500,1171.39,-1175,672
3418.31,104.345,66.7936,-1500,1171.39,-1182,578
3424.37,104.345,66.7936,-1500,1171.39,-1188,493
3430.13,104.345,66.7936,-1500,1171.39,-1194,428
3436.13,91.5629,85.2042,-1500,1171.39,-1199,375
3442.13,91.5629,85.2042,-1500,1212.44,-1202,336
3448.24,91.5629,85.2042,-1500,1212.44,-1204,311
3454.27,91.5629,85.2042,-1500,1212.44,-1205,300
3460.22,91.5629,85.2042,-1500,1212.44,-1206,300
3466.28,91.5629,85.2042,-1500,1212.44,-1206,308
3472.29,91.5629,85.2042,-1500,1212.44,-1205,331
3478.3,91.5629,85.2042,-1500,1212.44,-1201,376
3484.33,91.5629,85.2042,-1500,1212.44,-1194,439
3490.32,91.5629,85.2042,-1500,1212.44,-1183,516
3496.36,91.5629,85.2042,-1500,1212.44,-1168,600
3502.36,91.5629,85.2042,-1500,1212.44,-1154,677
3508.26,91.5629,85.2042,-1500,1212.44,-1142,740
3514.19,91.5629,85.2042,-1500,1212.44,-1133,791
3520.2,77.1016,105.392,-1500,1010.94,-1126,828
3526.18,77.1016,105.392,-1500,1010.94,-1122,849
3532.19,77.1016,105.392,-1500,1010.94,-1119,855
3538.2,77.1016,105.392,-1500,1010.94,-1118,852
3544.21,77.1016,105.392,-1500,1010.94,-1118,840
3550.2,77.1016,105.392,-1500,1010.94,-1119,810
3556.11,77.1016,105.392,-1500,1010.94,-1120,764
3561.31,77.1016,105.392,-1500,1010.94,-1121,707
3567.25,77.1016,105.392,-1500,1010.94,-1125,627
3573.33,77.1016,105.392,-1500,1010.94,-1131,536
3579.33,77.1016,105.392,-1500,1010.94,-1139,450
3585.49,77.1016,105.392,-1500,1010.94,-1147,376
3591.24,77.1016,105.392,-1500,1010.94,-1153,321
3597.24,77.1016,105.392,-1500,1010.94,-1158,276
3603.64,56.1675,117.446,-1500,787.12,-1162,246
3609.55,56.1675,117.446,-1500,787.12,-1164,232
3615.41,56.1675,117.446,-1500,787.12,-1166,229
3621.38,56.1675,117.446,-1500,787.12,-1166,232
3627.26,56.1675,117.446,-1500,787.12,-1166,248
3633.31,56.1675,117.446,-1500,787.12,-1166,285
3639.32,56.1675,117.446,-1500,787.12,-1165,344
3645.35,56.1675,117.446,-1500,787.12,-1163,410
3651.45,56.1675,117.446,-1500,787.12,-1161,468
3657.46,56.1675,117.446,-1500,787.12,-1158,509
3663.44,56.1675,117.446,-1500,787.12,-1156,534
3669.29,56.1675,117.446,-1500,787.12,-1155,545
3675.29,56.1675,117.446,-1500,787.12,-1154,548
3681.43,31.6034,126.293,-1500,787.12,-1154,548
3687.3,31.6034,126.293,-1500,369.756,-1154,549
3693.37,31.6034,126.293,-1500,369.756,-1155,549
3699.45,31.6034,126.293,-1500,369.756,-1164,548
3705.47,31.6034,126.293,-1500,369.756,-1188,542
3711.38,31.6034,126.293,-1500,369.756,-1229,527
3717.46,31.6034,126.293,-1500,369.756,-1285,501
3723.38,31.6034,126.293,-1500,369.756,-1346,469
3729.39,31.6034,126.293,-1500,369.756,-1400,443
3735.53,31.6034,126.293,-1500,369.756,-1439,424
3741.41,31.6034,126.293,-1500,369.756,-1466,411
3747.42,31.6034,126.293,-1500,369.756,-1478,402
3753.35,31.6034,126.293,-1500,369.756,-1482,399
3759.36,5.69823,129.566,-1464.94,37.0218,-1484,398
3765.41,5.69823,129.566,-1464.94,37.0218,-1484,395
3771.35,5.69823,129.566,-1464.94,37.0218,-1484,382
3777.36,5.69823,129.566,-1464.94,37.0218,-1484,353
3783.48,5.69823,129.566,-1464.94,37.0218,-1485,309
3789.48,5.69823,129.566,-1464.94,37.0218,-1485,251
3795.49,5.69823,129.566,-1464.94,37.0218,-1485,184
3801.49,5.69823,129.566,-1464.94,37.0218,-1484,124
3807.49,5.69823,129.566,-1464.94,37.0218,-1484,78
3813.49,5.69823,129.566,-1464.94,37.0218,-1483,48
3819.5,5.69823,129.566,-1464.94,37.0218,-1483,33
3825.48,5.69823,129.566,-1464.94,37.0218,-1483,28
3831.4,5.69823,129.566,-1464.94,37.0218,-1483,26
3837.74,-21.7858,127.152,117.066,-218.385,-1483,25
3843.48,-21.7858,127.152,117.066,-218.385,-1482,25
3849.68,-21.7858,127.152,117.066,-218.385,-1476,23
3855.58,-21.7858,127.152,117.066,-218.385,-1456,19
3861.54,-21.7858,127.152,117.066,-218.385,-1420,14
3867.55,-21.7858,127.152,117.066,-218.385,-1367,7
3873.55,-21.7858,127.152,117.066,-218.385,-1300,-3
3879.55,-21.7858,127.152,117.066,-218.385,-1216,-16
3885.6,-21.7858,127.152,117.066,-218.385,-1120,-30
3891.63,-21.7858,127.152,117.066,-218.385,-1011,-48
3897.63,-21.7858,127.152,117.066,-218.385,-893,-66
3903.53,-21.7858,127.152,117.066,-218.385,-771,-85
3909.45,-21.7858,127.152,117.066,-218.385,-657,-104
3915.46,-21.7858,127.152,117.066,-218.385,-537,-123
3921.46,-49.4258,118.453,199.316,-466.441,-413,-141
3927.52,-49.4258,118.453,199.316,-466.441,-295,-160
3933.53,-49.4258,118.453,199.316,-466.441,-192,-176
3939.53,-49.4258,118.453,199.316,-466.441,-99,-189
3945.48,-49.4258,118.453,199.316,-466.441,-26,-199
3951.54,-49.4258,118.453,199.316,-466.441,35,-208
3957.63,-49.4258,118.453,199.316,-466.441,81,-216
3963.49,-49.4258,118.453,199.316,-466.441,114,-222
3969.56,-49.4258,118.453,199.316,-466.441,133,-225
3975.64,-49.4258,118.453,199.316,-466.441,138,-227
3981.65,-49.4258,118.453,199.316,-466.441,135,-228
3987.56,-49.4258,118.453,199.316,-466.441,122,-231
3993.51,-75.28,102.849,199.316,-466.441,90,-234
3999.58,-75.28,102.849,276.144,-636.733,35,-239
4005.66,-75.28,102.849,276.144,-636.733,-35,-245
4011.58,-75.28,102.849,276.144,-636.733,-120,-254
4017.67,-75.28,102.849,276.144,-636.733,-218,-265
4023.67,-75.28,102.849,276.144,-636.733,-329,-277
4029.68,-75.28,102.849,276.144,-636.733,-436,-287
4035.8,-75.28,102.849,276.144,-636.733,-527,-296
4041.8,-75.28,102.849,276.144,-636.733,-602,-303
4047.72,-75.28,102.849,276.144,-636.733,-664,-309
4053.62,-75.28,102.849,276.144,-636.733,-713,-313
4059.72,-75.28,102.849,276.144,-636.733,-747,-315
4065.65,-75.28,102.849,276.144,-636.733,-766,-317
4071.57,-75.28,102.849,276.144,-636.733,-774,-319
4077.57,-75.28,102.849,276.144,-636.733,-786,-321
4084,-96.461,81.6179,325.139,-839.832,-813,-324
4089.65,-96.461,81.6179,325.139,-839.832,-854,-329
4095.73,-96.461,81.6179,325.139,-839.832,-910,-336
4101.7,-96.461,81.6179,325.139,-839.832,-980,-344
4107.64,-96.461,81.6179,325.139,-839.832,-1059,-355
4113.71,-96.461,81.6179,325.139,-839.832,-1131,-365
4119.71,-96.461,81.6179,325.139,-839.832,-1187,-373
4125.69,-96.461,81.6179,325.139,-839.832,-1230,-378
4131.68,-96.461,81.6179,325.139,-839.832,-1257,-383
4137.71,-96.461,81.6179,325.139,-839.832,-1271,-385
4143.68,-96.461,81.6179,325.139,-839.832,-1272,-386
4149.62,-96.461,81.6179,325.139,-839.832,-1264,-388
4156.12,-96.461,81.6179,325.139,-839.832,-1238,-392
4162.68,-113.582,56.1907,375.561,-764.93,-1189,-397
4168.69,-113.582,56.1907,375.561,-764.93,-1128,-404
4174.69,-113.582,56.1907,375.561,-764.93,-1052,-413
4180.81,-113.582,56.1907,375.561,-764.93,-961,-425
4186.78,-113.582,56.1907,375.561,-764.93,-852,-438
4192.71,-113.582,56.1907,375.561,-764.93,-741,-450
4198.79,-113.582,56.1907,375.561,-764.93,-642,-463
4204.79,-113.582,56.1907,375.561,-764.93,-555,-474
4210.8,-113.582,56.1907,375.561,-764.93,-480,-483
4216.84,-113.582,56.1907,375.561,-764.93,-423,-490
4222.82,-113.582,56.1907,375.561,-764.93,-382,-495
4228.74,-113.582,56.1907,375.561,-764.93,-356,-499
4234.75,-113.582,56.1907,375.561,-764.93,-342,-502
4240.69,-123.684,26.1114,389.978,-788.038,-335,-503
4246.82,-123.684,26.1114,389.978,-788.038,-319,-503
4252.8,-123.684,26.1114,389.978,-788.038,-289,-502
4258.74,-123.684,26.1114,389.978,-788.038,-246,-498
4264.82,-123.684,26.1114,389.978,-788.038,-187,-489
4270.84,-123.684,26.1114,389.978,-788.038,-114,-471
4276.89,-123.684,26.1114,389.978,-788.038,-40,-447
4282.88,-123.684,26.1114,389.978,-788.038,21,-424
4288.79,-123.684,26.1114,389.978,-788.038,68,-407
4294.88,-123.684,26.1114,389.978,-788.038,105,-393
4300.79,-123.684,26.1114,389.978,-788.038,127,-384
4306.8,-123.684,26.1114,389.978,-788.038,136,-380
4312.73,-123.684,26.1114,389.978,-788.038,135,-377
4318.92,-127.353,-5.51212,388.976,-671.732,126,-373
4324.93,-127.353,-5.51212,388.976,-671.732,99,-369
4330.83,-127.353,-5.51212,388.976,-671.732,52,-362
4336.86,-127.353,-5.51212,388.976,-671.732,-14,-354
4342.8,-127.353,-5.51212,388.976,-671.732,-95,-345
4348.75,-127.353,-5.51212,388.976,-671.732,-185,-335
4354.87,-127.353,-5.51212,388.976,-671.732,-296,-323
4360.82,-127.353,-5.51212,388.976,-671.732,-401,-311
4366.83,-127.353,-5.51212,388.976,-671.732,-492,-300
4372.82,-127.353,-5.51212,388.976,-671.732,-564,-292
4378.82,-127.353,-5.51212,388.976,-671.732,-628,-286
4384.9,-127.353,-5.51212,388.976,-671.732,-675,-281
4390.71,-127.353,-5.51212,388.976,-671.732,-707,-277
4396.83,-121.918,-37.6229,355.129,175.647,-727,-274
4402.91,-121.918,-37.6229,355.129,175.647,-735,-273
4408.91,-121.918,-37.6229,355.129,175.647,-748,-273
4414.9,-121.918,-37.6229,355.129,175.647,-776,-272
4420.85,-121.918,-37.6229,355.129,175.647,-818,-271
4426.88,-121.918,-37.6229,355.129,175.647,-875,-271
4432.97,-121.918,-37.6229,355.129,175.647,-946,-271
4438.98,-121.918,-37.6229,355.129,175.647,-1023,-271
4444.9,-121.918,-37.6229,355.129,175.647,-1090,-271
4451.01,-121.918,-37.6229,355.129,175.647,-1143,-271
4457.08,-121.918,-37.6229,355.129,175.647,-1181,-271
4463,-121.918,-37.6229,355.129,175.647,-1205,-271
4468.91,-121.918,-37.6229,355.129,175.647,-1213,-271
4474.91,-121.918,-37.6229,355.129,175.647,-1213,-270
4480.94,-108.784,-67.5433,302.866,256.134,-1205,-260
4486.97,-108.784,-67.5433,302.866,256.134,-1187,-238
4492.96,-108.784,-67.5433,302.866,256.134,-1152,-204
4498.97,-108.784,-67.5433,302.866,256.134,-1106,-163
4504.97,-108.784,-67.5433,302.866,256.134,-1049,-109
4510.92,-108.784,-67.5433,302.866,256.134,-979,-44
4517.04,-108.784,-67.5433,302.866,256.134,-897,33
4523.05,-108.784,-67.5433,302.866,256.134,-806,116
4529.05,-108.784,-67.5433,302.866,256.134,-722,196
4535.04,-108.784,-67.5433,302.866,256.134,-647,264
4541.07,-108.784,-67.5433,302.866,256.134,-579,325
4546.89,-108.784,-67.5433,302.866,256.134,-524,378
4552.89,-108.784,-67.5433,302.866,256.134,-477,421
4558.83,-108.784,-67.5433,302.866,256.134,-443,452
4564.9,-108.784,-67.5433,302.866,256.134,-421,475
4570.91,-108.784,-67.5433,302.866,256.134,-409,486
4576.79,-108.784,-67.5433,302.866,256.134,-404,489
4582.9,-108.784,-67.5433,326.352,202.63,-393,490
4588.81,-108.784,-67.5433,326.352,202.63,-366,495
4594.83,-108.784,-67.5433,326.352,202.63,-325,501
4600.91,-108.784,-67.5433,326.352,202.63,-269,510
4606.91,-108.784,-67.5433,326.352,202.63,-198,521
4612.95,-108.784,-67.5433,326.352,202.63,-120,531
4619.01,-108.784,-67.5433,326.352,202.63,-58,541
4624.99,-108.784,-67.5433,326.352,202.63,-13,548
4630.84,-65.5976,-111.451,70.8899,462.361,17,553
4636.99,-65.5976,-111.451,70.8899,462.361,35,556
4642.93,-65.5976,-111.451,70.8899,462.361,40,557
4649.08,-65.5976,-111.451,70.8899,462.361,38,556
4655.06,-65.5976,-111.451,70.8899,462.361,33,548
4660.99,-65.5976,-111.451,70.8899,462.361,14,529
4667.13,-65.5976,-111.451,70.8899,462.361,-21,493
4673.13,-65.5976,-111.451,70.8899,462.361,-70,443
4679.08,-65.5976,-111.451,70.8899,462.361,-129,383
4685.15,-65.5976,-111.451,70.8899,462.361,-196,312
4691.06,-65.5976,-111.451,70.8899,462.361,-274,228
4697.15,-65.5976,-111.451,70.8899,462.361,-360,141
4703.14,-65.5976,-111.451,70.8899,462.361,-442,57
4709.07,-65.5976,-111.451,70.8899,462.361,-514,-16
4715,-65.5976,-111.451,70.8899,462.361,-572,-81
4721.41,-37.2658,-123.898,65.3422,392.101,-624,-136
4727.11,-37.2658,-123.898,65.3422,392.101,-666,-178
4733.15,-37.2658,-123.898,65.3422,392.101,-698,-210
4739.19,-37.2658,-123.898,65.3422,392.101,-720,-232
4745.1,-37.2658,-123.898,65.3422,392.101,-730,-244
4751.16,-37.2658,-123.898,65.3422,392.101,-737,-247
4757.19,-37.2658,-123.898,65.3422,392.101,-752,-247
4763.1,-37.2658,-123.898,65.3422,392.101,-782,-246
4769.14,-37.2658,-123.898,65.3422,392.101,-825,-242
4775.06,-37.2658,-123.898,65.3422,392.101,-880,-234
4781.14,-37.2658,-123.898,65.3422,392.101,-953,-221
4787.04,-37.2658,-123.898,65.3422,392.101,-1035,-199
4793.04,-37.2658,-123.898,65.3422,392.101,-1127,-173
4799.05,-8.51309,-128.491,-272.134,394.879,-1211,-150
4805.17,-8.51309,-128.491,-272.134,394.879,-1282,-129
4811.11,-8.51309,-128.491,-272.134,394.879,-1337,-111
4817.18,-8.51309,-128.491,-272.134,394.879,-1378,-97
4823.17,-8.51309,-128.491,-272.134,394.879,-1404,-88
4829.22,-8.51309,-128.491,-272.134,394.879,-1417,-82
4835.07,-8.51309,-128.491,-272.134,394.879,-1418,-76
4841.21,-8.51309,-128.491,-272.134,394.879,-1415,-64
4847.16,-8.51309,-128.491,-272.134,394.879,-1401,-43
4853.24,-8.51309,-128.491,-272.134,394.879,-1373,-9
4859.27,-8.51309,-128.491,-272.134,394.879,-1330,35
4865.25,-8.51309,-128.491,-272.134,394.879,-1275,90
4871.11,-8.51309,-128.491,-272.134,394.879,-1212,153
4877.1,-8.51309,-128.491,-272.134,394.879,-1137,223
4883.23,19.0163,-127.711,-427.671,381.739,-1058,297
4889.23,19.0163,-127.711,-427.671,381.739,-990,366
4895.22,19.0163,-127.711,-427.671,381.739,-930,426
4901.27,19.0163,-127.711,-427.671,381.739,-880,474
4907.26,19.0163,-127.711,-427.671,381.739,-841,512
4913.24,19.0163,-127.711,-427.671,381.739,-814,537
4919.24,19.0163,-127.711,-427.671,381.739,-798,552
4925.25,19.0163,-127.711,-427.671,381.739,-793,558
4931.27,19.0163,-127.711,-427.671,381.739,-784,560
4937.3,19.0163,-127.711,-427.671,381.739,-764,564
4943.23,19.0163,-127.711,-427.671,381.739,-728,569
4949.57,19.0163,-127.711,-427.671,381.739,-682,576
4955.16,19.0163,-127.711,-427.671,381.739,-644,582
4961.72,44.2513,-121.541,-427.671,381.739,-617,585
4968.16,44.2513,-121.541,-613.031,353.658,-602,587
4974.26,44.2513,-121.541,-613.031,353.658,-601,587
4980.26,44.2513,-121.541,-613.031,353.658,-603,581
4986.09,44.2513,-121.541,-613.031,353.658,-607,562
4992.27,44.2513,-121.541,-613.031,353.658,-622,519
4998.27,44.2513,-121.541,-613.031,353.658,-645,460
5004.24,44.2513,-121.541,-613.031,353.658,-677,391
5010.19,44.2513,-121.541,-613.031,353.658,-707,326
5016.27,44.2513,-121.541,-613.031,353.658,-731,273
5022.28,44.2513,-121.541,-613.031,353.658,-748,233
5028.21,44.2513,-121.541,-613.031,353.658,-760,206
5034.21,44.2513,-121.541,-613.031,353.658,-766,194
5040.22,44.2513,-121.541,-613.031,353.658,-773,189
5046.29,68.6015,-110.063,-829.363,308.691,-787,180
5052.3,68.6015,-110.063,-829.363,308.691,-815,163
5058.34,68.6015,-110.063,-829.363,308.691,-855,140
5064.34,68.6015,-110.063,-829.363,308.691,-909,112
5070.33,68.6015,-110.063,-829.363,308.691,-975,74
5076.34,68.6015,-110.063,-829.363,308.691,-1056,31
5082.34,68.6015,-110.063,-829.363,308.691,-1146,-17
5088.42,68.6015,-110.063,-829.363,308.691,-1231,-64
5094.32,68.6015,-110.063,-829.363,308.691,-1304,-104
5100.42,68.6015,-110.063,-829.363,308.691,-1363,-137
5106.34,68.6015,-110.063,-829.363,308.691,-1411,-164
5112.27,68.6015,-110.063,-829.363,308.691,-1443,-183
5118.16,68.6015,-110.063,-829.363,308.691,-1464,-193
5124.27,88.4856,-94.7203,-1080.33,254.923,-1473,-199
5130.4,88.4856,-94.7203,-1080.33,254.923,-1476,-198
5136.38,88.4856,-94.7203,-1080.33,254.923,-1480,-192
5142.4,88.4856,-94.7203,-1080.33,254.923,-1484,-174
5148.28,88.4856,-94.7203,-1080.33,254.923,-1491,-131
5154.34,88.4856,-94.7203,-1080.33,254.923,-1500,-68
5160.23,88.4856,-94.7203,-1080.33,254.923,-1508,-4
5166.35,88.4856,-94.7203,-1080.33,254.923,-1516,55
5172.3,88.4856,-94.7203,-1080.33,254.923,-1521,94
5178.37,88.4856,-94.7203,-1080.33,254.923,-1524,117
5184.36,88.4856,-94.7203,-1080.33,254.923,-1527,127
5190.39,104.436,-77.4591,-1241.59,194.692,-1526,134
5196.31,104.436,-77.4591,-1241.59,194.692,-1518,146
5202.41,104.436,-77.4591,-1241.59,194.692,-1496,167
5208.32,104.436,-77.4591,-1241.59,194.692,-1460,197
5214.41,104.436,-77.4591,-1241.59,194.692,-1405,235
5220.41,104.436,-77.4591,-1241.59,194.692,-1342,284
5226.42,104.436,-77.4591,-1241.59,194.692,-1274,337
5232.44,104.436,-77.4591,-1241.59,194.692,-1213,382
5238.42,104.436,-77.4591,-1241.59,194.692,-1167,418
5244.43,104.436,-77.4591,-1241.59,194.692,-1134,446
5250.5,104.436,-77.4591,-1241.59,194.692,-1112,463
5256.44,104.436,-77.4591,-1241.59,194.692,-1101,470
5262.53,104.436,-77.4591,-1241.59,194.692,-1099,471
5268.44,104.436,-77.4591,-1241.59,194.692,-1099,465
5274.38,104.436,-77.4591,-1241.59,194.692,-1101,447
5280.45,115.457,-58.4163,-1500,142.419,-1106,409
5286.46,115.457,-58.4163,-1500,142.419,-1116,352
5292.54,115.457,-58.4163,-1500,142.419,-1132,281
5298.54,115.457,-58.4163,-1500,142.419,-1148,218
5304.57,115.457,-58.4163,-1500,142.419,-1161,169
5310.55,115.457,-58.4163,-1500,142.419,-1171,132
5316.47,115.457,-58.4163,-1500,142.419,-1177,110
5322.56,115.457,-58.4163,-1500,142.419,-1180,101
5328.57,115.457,-58.4163,-1500,142.419,-1188,94
5334.43,115.457,-58.4163,-1500,142.419,-1208,84
5340.58,115.457,-58.4163,-1500,142.419,-1242,68
5346.53,115.457,-58.4163,-1500,142.419,-1289,45
5354.94,115.457,-58.4163,-1500,142.419,-1375,0
5360.43,120.863,-29.9723,-1500,36.9875,-1445,-38
5366.44,120.863,-29.9723,-1500,36.9875,-1533,-85
5372.53,120.863,-29.9723,-1500,36.9875,-1621,-129
5378.53,120.863,-29.9723,-1500,36.9875,-1695,-168
5384.45,120.863,-29.9723,-1500,36.9875,-1754,-199
5390.45,120.863,-29.9723,-1500,36.9875,-1803,-223
5396.57,120.863,-29.9723,-1500,36.9875,-1839,-242
5402.56,120.863,-29.9723,-1500,36.9875,-1860,-254
5408.58,120.863,-29.9723,-1500,36.9875,-1870,-260
5414.57,120.863,-29.9723,-1500,36.9875,-1871,-260
5420.63,120.863,-29.9723,-1500,36.9875,-1868,-256
5426.56,120.863,-29.9723,-1500,36.9875,-1854,-243
5432.8,120.863,-29.9723,-1500,36.9875,-1825,-213
5438.56,127.044,-10.1848,-1500,36.9875,-1783,-171
5444.56,127.044,-10.1848,-1500,-5.90289,-1732,-116
5450.58,127.044,-10.1848,-1500,-5.90289,-1683,-61
5456.59,127.044,-10.1848,-1500,-5.90289,-1642,-15
5462.59,127.044,-10.1848,-1500,-5.90289,-1611,22
5468.58,127.044,-10.1848,-1500,-5.90289,-1590,46
5474.6,127.044,-10.1848,-1500,-5.90289,-1581,59
5480.67,127.044,-10.1848,-1500,-5.90289,-1574,64
5486.61,127.044,-10.1848,-1500,-5.90289,-1558,70
5492.66,127.044,-10.1848,-1500,-5.90289,-1529,78
5498.68,127.044,-10.1848,-1500,-5.90289,-1486,90
5504.66,127.044,-10.1848,-1500,-5.90289,-1428,104
5512.73,127.044,-10.1848,-1500,-5.90289,-1340,129
5518.61,126.503,2.67684,-1500,-5.90289,-1284,145
5524.63,126.503,2.67684,-1500,1467.85,-1242,155
5530.69,126.503,2.67684,-1500,1467.85,-1214,163
5536.68,126.503,2.67684,-1500,1467.85,-1201,167
5542.69,126.503,2.67684,-1500,1467.85,-1199,172
5548.67,126.503,2.67684,-1500,1467.85,-1201,187
5554.56,126.503,2.67684,-1500,1467.85,-1206,215
5560.69,126.503,2.67684,-1500,1467.85,-1219,257
5566.65,126.503,2.67684,-1500,1467.85,-1240,314
5572.65,126.503,2.67684,-1500,1467.85,-1269,387
5578.65,126.503,2.67684,-1500,1467.85,-1305,472
5584.66,126.503,2.67684,-1500,1467.85,-1348,568
5590.73,126.503,2.67684,-1500,1467.85,-1394,674
5596.52,126.503,2.67684,-1500,1467.85,-1439,781
5602.68,120.715,11.9197,-1500,1446.63,-1489,899
5608.68,120.715,11.9197,-1500,1446.63,-1533,1002
5614.6,120.715,11.9197,-1500,1446.63,-1571,1092
5620.6,120.715,11.9197,-1500,1446.63,-1604,1170
5626.6,120.715,11.9197,-1500,1446.63,-1632,1236
5632.6,120.715,11.9197,-1500,1446.63,-1655,1286
5638.55,120.715,11.9197,-1500,1446.63,-1672,1321
5644.66,120.715,11.9197,-1500,1446.63,-1682,1345
5650.69,120.715,11.9197,-1500,1446.63,-1688,1355
5656.71,120.715,11.9197,-1500,1446.63,-1689,1355
5662.72,120.715,11.9197,-1500,1446.63,-1689,1349
5668.53,120.715,11.9197,-1500,1446.63,-1687,1329
5674.63,120.715,11.9197,-1500,1446.63,-1681,1286
5680.74,118.895,41.4719,-1500,1318.73,-1670,1225
5686.72,118.895,41.4719,-1500,1318.73,-1652,1151
5692.72,118.895,41.4719,-1500,1318.73,-1629,1062
5698.73,118.895,41.4719,-1500,1318.73,-1606,968
5704.74,118.895,41.4719,-1500,1318.73,-1584,885
5710.75,118.895,41.4719,-1500,1318.73,-1567,817
5716.79,118.895,41.4719,-1500,1318.73,-1554,765
5722.75,118.895,41.4719,-1500,1318.73,-1545,726
5728.84,118.895,41.4719,-1500,1318.73,-1538,699
5734.83,118.895,41.4719,-1500,1318.73,-1534,686
5740.84,118.895,41.4719,-1500,1318.73,-1530,677
5746.82,118.895,41.4719,-1500,1318.73,-1523,659
5753.7,118.895,41.4719,-1500,1318.73,-1510,621
5759.62,118.895,41.4719,-1500,1318.73,-1492,577
5765.74,108.475,66.6297,-1500,1257.43,-1469,514
5771.79,108.475,66.6297,-1500,1257.43,-1438,439
5777.81,108.475,66.6297,-1500,1257.43,-1404,356
5783.71,108.475,66.6297,-1500,1257.43,-1376,274
5789.71,108.475,66.6297,-1500,1257.43,-1349,207
5795.8,108.475,66.6297,-1500,1257.43,-1327,155
5801.84,108.475,66.6297,-1500,1257.43,-1311,114
5807.83,108.475,66.6297,-1500,1257.43,-1299,88
5813.82,108.475,66.6297,-1500,1257.43,-1294,76
5819.83,108.475,66.6297,-1500,1257.43,-1294,74
5825.84,108.475,66.6297,-1500,1257.43,-1294,79
5832.05,108.475,66.6297,-1500,1257.43,-1298,99
5837.8,95.0473,90.3555,-1500,1014.98,-1306,136
5843.85,95.0473,90.3555,-1500,1014.98,-1321,192
5849.84,95.0473,90.3555,-1500,1014.98,-1341,262
5855.85,95.0473,90.3555,-1500,1014.98,-1367,349
5861.82,95.0473,90.3555,-1500,1014.98,-1395,446
5867.93,95.0473,90.3555,-1500,1014.98,-1420,531
5873.92,95.0473,90.3555,-1500,1014.98,-1442,598
5879.86,95.0473,90.3555,-1500,1014.98,-1458,652
5885.94,95.0473,90.3555,-1500,1014.98,-1471,695
5891.97,95.0473,90.3555,-1500,1014.98,-1480,723
5897.94,95.0473,90.3555,-1500,1014.98,-1484,738
5903.95,95.0473,90.3555,-1500,1014.98,-1489,746
5909.81,95.0473,90.3555,-1500,1014.98,-1500,758
5916.06,72.2395,108.253,-1500,1014.98,-1523,782
5922.88,72.2395,108.253,-1500,976.068,-1562,821
5928.88,72.2395,108.253,-1500,976.068,-1599,859
5934.94,72.2395,108.253,-1500,976.068,-1631,890
5940.93,72.2395,108.253,-1500,976.068,-1651,910
5946.94,72.2395,108.253,-1500,976.068,-1662,921
5952.95,72.2395,108.253,-1500,976.068,-1665,923
5958.84,72.2395,108.253,-1500,976.068,-1665,918
5964.96,72.2395,108.253,-1500,976.068,-1662,901
5971,72.2395,108.253,-1500,976.068,-1654,865
5976.93,72.2395,108.253,-1500,976.068,-1640,811
5982.93,72.2395,108.253,-1500,976.068,-1620,744
5988.86,72.2395,108.253,-1500,976.068,-1594,660
5997.49,72.2395,108.253,-1500,976.068,-1550,526
6004.12,46.3512,121.613,-1500,674.165,-1521,432
6010.01,46.3512,121.613,-1500,674.165,-1499,366
6016,46.3512,121.613,-1500,674.165,-1481,309
6021.92,46.3512,121.613,-1500,674.165,-1467,267
6027.95,46.3512,121.613,-1500,674.165,-1458,239
6033.96,46.3512,121.613,-1500,674.165,-1452,224
6039.95,46.3512,121.613,-1500,674.165,-1451,222
6045.97,46.3512,121.613,-1500,674.165,-1451,226
6052.06,46.3512,121.613,-1500,674.165,-1451,235
6058.05,46.3512,121.613,-1500,674.165,-1451,242
6064.06,46.3512,121.613,-1500,674.165,-1451,245
6069.99,46.3512,121.613,-1500,674.165,-1451,246
6076.91,46.3512,121.613,-1500,674.165,-1451,247
6083.46,16.9301,129.247,-1494.84,262.684,-1451,248
6089.04,16.9301,129.247,-1494.84,262.684,-1451,248
6094.93,16.9301,129.247,-1494.84,262.684,-1455,252
6101.02,16.9301,129.247,-1494.84,262.684,-1468,257
6107.04,16.9301,129.247,-1494.84,262.684,-1478,262
6113.03,16.9301,129.247,-1494.84,262.684,-1480,265
6119.04,16.9301,129.247,-1494.84,262.684,-1481,266
6125.01,16.9301,129.247,-1494.84,262.684,-1482,267
6131.04,16.9301,129.247,-1494.84,262.684,-1483,268
6137.21,16.9301,129.247,-1494.84,262.684,-1484,269
6143.03,16.9301,129.247,-1494.84,262.684,-1485,270
6148.98,16.9301,129.247,-1494.84,262.684,-1485,271
6154.91,16.9301,129.247,-1494.84,262.684,-1485,271
6161.91,-15.7427,128.071,109.986,-23.6308,-1485,272
6167.97,-15.7427,128.071,109.986,-23.6308,-1485,272
6174.04,-15.7427,128.071,109.986,-23.6308,-1482,272
6179.98,-15.7427,128.071,109.986,-23.6308,-1469,272
6185.99,-15.7427,128.071,109.986,-23.6308,-1437,271
6192.05,-15.7427,128.071,109.986,-23.6308,-1385,269
6198.07,-15.7427,128.071,109.986,-23.6308,-1318,264
6203.94,-15.7427,128.071,109.986,-23.6308,-1238,256
6210.08,-15.7427,128.071,109.986,-23.6308,-1138,241
6216.09,-15.7427,128.071,109.986,-23.6308,-1030,220
6222.12,-15.7427,128.071,109.986,-23.6308,-912,199
6228.1,-15.7427,128.071,109.986,-23.6308,-791,177
6233.96,-15.7427,128.071,109.986,-23.6308,-677,154
6239.94,-15.7427,128.071,109.986,-23.6308,-558,130
6245.95,-15.7427,128.071,109.986,-23.6308,-437,106
6251.95,-15.7427,128.071,109.986,-23.6308,-322,83
6257.91,-15.7427,128.071,109.986,-23.6308,-221,64
6264.14,-15.7427,128.071,47.2281,-311.382,-125,48
6270.11,-15.7427,128.071,47.2281,-311.382,-48,34
6276.12,-15.7427,128.071,47.2281,-311.382,10,21
6282.12,-15.7427,128.071,47.2281,-311.382,53,11
6288.13,-15.7427,128.071,47.2281,-311.382,86,4
6294.2,-15.7427,128.071,47.2281,-311.382,105,-1
6300.2,-15.7427,128.071,47.2281,-311.382,110,-3
6306.21,-15.7427,128.071,47.2281,-311.382,107,-5
6312.08,-15.7427,128.071,47.2281,-311.382,93,-6
6318.07,-15.7427,128.071,47.2281,-311.382,60,-9
6324.19,-79.5559,98.5672,393.182,-361.213,6,-13
6330.17,-79.5559,98.5672,393.182,-361.213,-68,-17
6336.19,-79.5559,98.5672,393.182,-361.213,-153,-21
6342.22,-79.5559,98.5672,393.182,-361.213,-252,-27
6348.25,-79.5559,98.5672,393.182,-361.213,-368,-34
6354.19,-79.5559,98.5672,393.182,-361.213,-490,-42
6360.19,-79.5559,98.5672,393.182,-361.213,-609,-50
6366.11,-79.5559,98.5672,393.182,-361.213,-727,-59
6372.11,-79.5559,98.5672,393.182,-361.213,-842,-66
6378.29,-79.5559,98.5672,393.182,-361.213,-943,-72
6384.2,-79.5559,98.5672,393.182,-361.213,-1026,-77
6390.45,-79.5559,98.5672,393.182,-361.213,-1095,-81
6396.07,-79.5559,98.5672,393.182,-361.213,-1150,-85
6402.21,-105.675,71.3107,365.575,-514.307,-1191,-89
6408.2,-105.675,71.3107,365.575,-514.307,-1216,-91
6414.21,-105.675,71.3107,365.575,-514.307,-1227,-93
6420.22,-105.675,71.3107,365.575,-514.307,-1226,-93
6426.23,-105.675,71.3107,365.575,-514.307,-1215,-93
6432.29,-105.675,71.3107,365.575,-514.307,-1192,-92
6438.24,-105.675,71.3107,365.575,-514.307,-1170,-92
6444.31,-105.675,71.3107,365.575,-514.307,-1160,-91
6450.29,-105.675,71.3107,365.575,-514.307,-1153,-91
6456.24,-105.675,71.3107,365.575,-514.307,-1135,-91
6462.31,-105.675,71.3107,365.575,-514.307,-1102,-91
6468.25,-105.675,71.3107,365.575,-514.307,-1055,-91
6474.26,-105.675,71.3107,365.575,-514.307,-996,-92
6480.26,-119.727,38.9525,365.575,-514.307,-915,-92
6486.19,-119.727,38.9525,385.524,-497.705,-826,-93
6492.35,-119.727,38.9525,385.524,-497.705,-718,-94
6498.31,-119.727,38.9525,385.524,-497.705,-603,-99
6504.28,-119.727,38.9525,385.524,-497.705,-480,-104
6510.2,-119.727,38.9525,385.524,-497.705,-368,-111
6516.3,-119.727,38.9525,385.524,-497.705,-263,-117
6522.27,-119.727,38.9525,385.524,-497.705,-173,-124
6528.37,-119.727,38.9525,385.524,-497.705,-96,-131
6534.36,-119.727,38.9525,385.524,-497.705,-36,-135
6540.37,-119.727,38.9525,385.524,-497.705,7,-138
6546.38,-119.727,38.9525,385.524,-497.705,36,-141
6552.24,-119.727,38.9525,385.524,-497.705,52,-143
6558.57,-119.727,38.9525,385.524,-497.705,56,-144
6564.25,-119.727,38.9525,385.524,-497.705,53,-145
6570.25,108.37,-3.88562,-1500,-377.238,38,-145
6576.25,108.37,-3.88562,-1500,-377.238,4,-145
6582.17,108.37,-3.88562,-1500,-377.238,-49,-145
6588.17,108.37,-3.88562,-1500,-377.238,-102,-145
6594.19,108.37,-3.88562,-1500,-377.238,-141,-144
6600.35,108.37,-3.88562,-1500,-377.238,-165,-144
6606.17,108.37,-3.88562,-1500,-377.238,-175,-144
6612.31,108.37,-3.88562,-1500,-377.238,-184,-144
6618.35,108.37,-3.88562,-1500,-377.238,-204,-143
6624.35,108.37,-3.88562,-1500,-377.238,-240,-142
6630.17,108.37,-3.88562,-1500,-377.238,-289,-141
6636.21,-123.522,-32.2368,894.467,160.763,-354,-139
6642.19,-123.522,-32.2368,894.467,160.763,-435,-136
6648.24,-123.522,-32.2368,894.467,160.763,-528,-131
6654.24,-123.522,-32.2368,894.467,160.763,-635,-125
6660.24,-123.522,-32.2368,894.467,160.763,-754,-117
6666.26,-123.522,-32.2368,894.467,160.763,-878,-108
6672.24,-123.522,-32.2368,894.467,160.763,-1000,-100
6678.31,-123.522,-32.2368,894.467,160.763,-1123,-90
6684.31,-123.522,-32.2368,894.467,160.763,-1245,-80
6690.42,-123.522,-32.2368,894.467,160.763,-1371,-71
6696.41,-123.522,-32.2368,894.467,160.763,-1494,-63
6702.37,-123.522,-32.2368,894.467,160.763,-1616,-54
6708.34,-123.522,-32.2368,894.467,160.763,-1732,-46
6714.34,-109.487,-66.2182,302.335,261.912,-1854,-36
6720.46,-109.487,-66.2182,302.335,261.912,-1980,-27
6726.43,-109.487,-66.2182,302.335,261.912,-2101,-19
6732.44,-109.487,-66.2182,302.335,261.912,-2221,-10
6738.44,-109.487,-66.2182,302.335,261.912,-2343,0
6744.43,-109.487,-66.2182,302.335,261.912,-2464,7
6750.44,-109.487,-66.2182,302.335,261.912,-2581,15
6756.44,-109.487,-66.2182,302.335,261.912,-2690,23
6762.46,-109.487,-66.2182,302.335,261.912,-2785,30
6768.52,-109.487,-66.2182,302.335,261.912,-2866,36
6774.52,-109.487,-66.2182,302.335,261.912,-2933,40
6780.47,-109.487,-66.2182,302.335,261.912,-2985,44
6786.53,-109.487,-66.2182,302.335,261.912,-3024,48
6793.31,-109.487,-66.2182,302.335,261.912,-3048,50
6799.33,-88.999,-94.4581,230.836,333.218,-3057,52
6805.4,-88.999,-94.4581,230.836,333.218,-3057,54
6811.48,-88.999,-94.4581,230.836,333.218,-3054,58
6817.49,-88.999,-94.4581,230.836,333.218,-3036,64
6823.49,-88.999,-94.4581,230.836,333.218,-2991,73
6829.48,-88.999,-94.4581,230.836,333.218,-2924,85
6835.5,-88.999,-94.4581,230.836,333.218,-2840,101
6841.54,-88.999,-94.4581,230.836,333.218,-2741,119
6847.49,-88.999,-94.4581,230.836,333.218,-2632,139
6853.52,-88.999,-94.4581,230.836,333.218,-2511,161
6859.57,-88.999,-94.4581,230.836,333.218,-2388,183
6865.56,-88.999,-94.4581,230.836,333.218,-2266,205
6873.72,-88.999,-94.4581,230.836,333.218,-2104,238
6879.79,-65.938,-112.494,154.789,371.133,-1981,261
6885.72,-65.938,-112.494,154.789,371.133,-1860,285
6891.59,-65.938,-112.494,154.789,371.133,-1739,308
6897.61,-65.938,-112.494,154.789,371.133,-1617,332
6903.6,-65.938,-112.494,154.789,371.133,-1495,357
6909.64,-65.938,-112.494,154.789,371.133,-1376,381
6915.61,-65.938,-112.494,154.789,371.133,-1254,405
6921.61,-65.938,-112.494,154.789,371.133,-1133,430
6927.57,-65.938,-112.494,154.789,371.133,-1014,453
6933.63,-65.938,-112.494,154.789,371.133,-894,475
6939.68,-65.938,-112.494,154.789,371.133,-774,497
6945.58,-65.938,-112.494,154.789,371.133,-663,518
6953.76,-65.938,-112.494,154.789,371.133,-535,542
6959.84,-38.4433,-123.271,63.7998,390.008,-453,557
6965.71,-38.4433,-123.271,63.7998,390.008,-392,568
6971.6,-38.4433,-123.271,63.7998,390.008,-341,577
6977.65,-38.4433,-123.271,63.7998,390.008,-304,584
6983.58,-38.4433,-123.271,63.7998,390.008,-281,587
6989.53,-38.4433,-123.271,63.7998,390.008,-273,589
6995.46,-38.4433,-123.271,63.7998,390.008,-264,590
7001.63,-38.4433,-123.271,63.7998,390.008,-242,591
7007.6,-38.4433,-123.271,63.7998,390.008,-207,591
7013.62,-38.4433,-123.271,63.7998,390.008,-153,592
7019.62,-38.4433,-123.271,63.7998,390.008,-88,593
7025.61,-38.4433,-123.271,63.7998,390.008,-10,593
7031.05,-38.4433,-123.271,63.7998,390.008,69,593
7036.55,-11.6945,-129.048,-18.2159,398.657,166,593
7042.67,-11.6945,-129.048,-18.2159,398.657,283,593
7048.65,-11.6945,-129.048,-18.2159,398.657,383,593
7054.65,-11.6945,-129.048,-18.2159,398.657,466,593
7060.64,-11.6945,-129.048,-18.2159,398.657,539,593
7066.66,-11.6945,-129.048,-18.2159,398.657,598,593
7072.75,-11.6945,-129.048,-18.2159,398.657,641,593
7078.67,-11.6945,-129.048,-18.2159,398.657,667,593
7084.73,-11.6945,-129.048,-18.2159,398.657,679,593
7090.78,-11.6945,-129.048,-18.2159,398.657,686,593
7096.74,-11.6945,-129.048,-18.2159,398.657,701,593
7102.77,-11.6945,-129.048,-18.2159,398.657,730,593
7108.68,-11.6945,-129.048,-18.2159,398.657,775,593
7116.19,-11.6945,-129.048,-18.2159,398.657,854,593
7121.7,-11.6945,-129.048,-18.2159,398.657,927,593
7127.68,99.0996,-0.798339,-1500,796.743,1021,593
7133.72,99.0996,-0.798339,-1500,796.743,1129,593
7139.7,99.0996,-0.798339,-1500,796.743,1245,592
7145.7,99.0996,-0.798339,-1500,796.743,1365,592
7151.72,99.0996,-0.798339,-1500,796.743,1476,592
7157.65,99.0996,-0.798339,-1500,796.743,1564,592
7163.78,99.0996,-0.798339,-1500,796.743,1647,591
7169.76,99.0996,-0.798339,-1500,796.743,1714,591
7175.73,99.0996,-0.798339,-1500,796.743,1764,590
7181.66,99.0996,-0.798339,-1500,796.743,1799,589
7187.89,99.0996,-0.798339,-1500,796.743,1821,589
7193.79,99.0996,-0.798339,-1500,796.743,1827,589
7199.98,40.5878,-121.958,-1500,604.156,1825,588
7205.68,40.5878,-121.958,-1500,604.156,1814,586
7211.76,40.5878,-121.958,-1500,604.156,1783,581
7217.72,40.5878,-121.958,-1500,604.156,1736,574
7223.74,40.5878,-121.958,-1500,604.156,1668,564
7229.75,40.5878,-121.958,-1500,604.156,1588,552
7235.75,40.5878,-121.958,-1500,604.156,1490,536
7241.76,40.5878,-121.958,-1500,604.156,1380,518
7247.79,40.5878,-121.958,-1500,604.156,1263,500
7253.85,40.5878,-121.958,-1500,604.156,1141,481
7259.84,40.5878,-121.958,-1500,604.156,1031,464
7265.82,40.5878,-121.958,-1500,604.156,937,450
7271.72,40.5878,-121.958,-1500,604.156,861,439
7277.65,40.5878,-121.958,-1500,604.156,792,430
7283.61,40.5878,-121.958,-1500,604.156,738,422
7289.61,40.5878,-121.958,-1500,604.156,700,416
7295.62,40.5878,-121.958,-1500,365.875,677,411
7301.85,40.5878,-121.958,-1500,365.875,667,408
7307.83,40.5878,-121.958,-1500,365.875,656,407
7313.81,40.5878,-121.958,-1500,365.875,634,402
7319.81,40.5878,-121.958,-1500,365.875,599,396
7325.79,40.5878,-121.958,-1500,365.875,549,386
7331.82,40.5878,-121.958,-1500,365.875,483,374
7337.92,40.5878,-121.958,-1500,365.875,400,359
7343.96,40.5878,-121.958,-1500,365.875,303,343
7349.85,40.5878,-121.958,-1500,365.875,196,323
7355.7,40.5878,-121.958,-1500,365.875,83,302
7361.69,40.5878,-121.958,-1500,365.875,-40,282
7367.71,40.5878,-121.958,-1500,365.875,-161,261
7373.73,40.5878,-121.958,-1500,365.875,-280,241
7379.79,40.5878,-121.958,-1500,365.875,-401,219
7385.85,40.5878,-121.958,-1500,365.875,-526,199
7391.87,40.5878,-121.958,-1500,365.875,-632,181
7397.74,40.5878,-121.958,-1500,365.875,-723,164
7403.87,40.5878,-121.958,-1500,365.875,-808,148
7409.88,40.5878,-121.958,-1500,365.875,-874,137
7415.88,40.5878,-121.958,-1500,365.875,-924,128
7421.88,40.5878,-121.958,-1500,365.875,-959,122
7427.85,40.5878,-121.958,-1500,365.875,-980,118
7433.76,40.5878,-121.958,-1500,365.875,-990,116
7439.84,40.5878,-121.958,-1500,365.875,-999,114
7446.85,110.976,-55.8017,-1500,21.472,-1025,112
7452.92,110.976,-55.8017,-1500,21.472,-1065,111
7458.97,110.976,-55.8017,-1500,21.472,-1118,108
7464.96,110.976,-55.8017,-1500,21.472,-1186,105
7470.93,110.976,-55.8017,-1500,21.472,-1269,102
7476.98,110.976,-55.8017,-1500,21.472,-1361,99
7483.02,110.976,-55.8017,-1500,21.472,-1448,95
7488.99,110.976,-55.8017,-1500,21.472,-1520,92
7495,110.976,-55.8017,-1500,21.472,-1578,89
7501,110.976,-55.8017,-1500,21.472,-1622,87
7507,110.976,-55.8017,-1500,21.472,-1651,86
7512.83,110.976,-55.8017,-1500,21.472,-1665,86
7518.86,123.616,-26.8888,-1500,21.472,-1673,85
7524.99,123.616,-26.8888,-1500,25.0609,-1687,85
7530.98,123.616,-26.8888,-1500,25.0609,-1716,86
7536.98,123.616,-26.8888,-1500,25.0609,-1759,87
7543.01,123.616,-26.8888,-1500,25.0609,-1816,90
7548.99,123.616,-26.8888,-1500,25.0609,-1887,96
7555,123.616,-26.8888,-1500,25.0609,-1973,107
7561,123.616,-26.8888,-1500,25.0609,-2074,124
7567,123.616,-26.8888,-1500,25.0609,-2187,144
7573.02,123.616,-26.8888,-1500,25.0609,-2305,164
7579.01,123.616,-26.8888,-1500,25.0609,-2423,185
7584.95,123.616,-26.8888,-1500,25.0609,-2537,207
7591.73,123.616,-26.8888,-1500,25.0609,-2661,230
7597.95,123.616,-26.8888,-1500,25.0609,-2794,255
7603.95,131.426,-0.182312,-1500,1450.69,-2912,276
7609.95,131.426,-0.182312,-1500,1450.69,-3030,299
7616.02,131.426,-0.182312,-1500,1450.69,-3154,323
7622.02,131.426,-0.182312,-1500,1450.69,-3273,345
7628.03,131.426,-0.182312,-1500,1450.69,-3392,368
7634.03,131.426,-0.182312,-1500,1450.69,-3510,389
7640.02,131.426,-0.182312,-1500,1450.69,-3620,410
7645.96,131.426,-0.182312,-1500,1450.69,-3710,428
7652.04,131.426,-0.182312,-1500,1450.69,-3794,444
7658.04,131.426,-0.182312,-1500,1450.69,-3861,457
7664.04,131.426,-0.182312,-1500,1450.69,-3916,466
7670.06,131.426,-0.182312,-1500,1450.69,-3955,473
7675.91,131.426,-0.182312,-1500,1450.69,-3976,476
7682.91,131.426,-0.182312,-1500,1450.69,-3985,479
7689.42,128.539,33.0129,-1500,1345.15,-3994,479
7694.94,128.539,33.0129,-1500,1345.15,-4014,479
7700.89,128.539,33.0129,-1500,1345.15,-4049,478
7706.92,128.539,33.0129,-1500,1345.15,-4100,474
7712.94,128.539,33.0129,-1500,1345.15,-4166,467
7718.92,128.539,33.0129,-1500,1345.15,-4245,455
7724.87,128.539,33.0129,-1500,1345.15,-4340,437
7731.07,128.539,33.0129,-1500,1345.15,-4447,414
7737.08,128.539,33.0129,-1500,1345.15,-4545,392
7743.1,128.539,33.0129,-1500,1345.15,-4633,372
7748.96,128.539,33.0129,-1500,1345.15,-4704,355
7754.88,128.539,33.0129,-1500,1345.15,-4763,340
7760.95,128.539,33.0129,-1500,1400.96,-4807,329
7767.13,128.539,33.0129,-1500,1400.96,-4839,321
7773.14,128.539,33.0129,-1500,1400.96,-4856,315
7778.98,128.539,33.0129,-1500,1400.96,-4860,313
7785.1,128.539,33.0129,-1500,1400.96,-4859,311
7791.15,128.539,33.0129,-1500,1400.96,-4848,310
7797.08,128.539,33.0129,-1500,1400.96,-4818,307
7803.25,128.539,33.0129,-1500,1400.96,-4760,304
7809.21,128.539,33.0129,-1500,1400.96,-4689,301
7815.09,128.539,33.0129,-1500,1400.96,-4607,296
7821.09,128.539,33.0129,-1500,1400.96,-4508,290
7827.02,128.539,33.0129,-1500,1400.96,-4391,283
7833.09,128.539,33.0129,-1500,1400.96,-4269,276
7839.16,89.7843,98.2855,-1500,1076.27,-4151,269
7845.18,89.7843,98.2855,-1500,1076.27,-4046,264
7851.18,89.7843,98.2855,-1500,1076.27,-3953,258
7857.18,89.7843,98.2855,-1500,1076.27,-3876,253
7863.19,89.7843,98.2855,-1500,1076.27,-3819,251
7869.19,89.7843,98.2855,-1500,1076.27,-3773,248
7875.2,89.7843,98.2855,-1500,1076.27,-3740,246
7881.27,89.7843,98.2855,-1500,1076.27,-3720,244
7887.21,89.7843,98.2855,-1500,1076.27,-3711,243
7893.28,89.7843,98.2855,-1500,1076.27,-3693,243
7899.26,89.7843,98.2855,-1500,1076.27,-3662,243
7905.26,89.7843,98.2855,-1500,1076.27,-3615,244
7911.17,89.7843,98.2855,-1500,1076.27,-3558,247
7918.05,89.7843,98.2855,-1500,1076.27,-3475,253
7924.23,53.7586,121.096,-1500,1076.27,-3390,264
7930.18,53.7586,121.096,-1500,1055.38,-3285,281
7936.31,53.7586,121.096,-1500,1055.38,-3163,302
7942.23,53.7586,121.096,-1500,1055.38,-3057,323
7948.24,53.7586,121.096,-1500,1055.38,-2966,341
7954.25,53.7586,121.096,-1500,1055.38,-2886,356
7960.25,53.7586,121.096,-1500,1055.38,-2820,369
7966.26,53.7586,121.096,-1500,1055.38,-2770,379
7972.31,53.7586,121.096,-1500,1055.38,-2734,387
7978.31,53.7586,121.096,-1500,1055.38,-2716,392
7984.33,53.7586,121.096,-1500,1055.38,-2710,394
7990.28,53.7586,121.096,-1500,1055.38,-2700,394
7996.12,53.7586,121.096,-1500,1055.38,-2677,393
8002.22,9.24932,129.814,-1438.95,522.449,-2640,390
8008.32,9.24932,129.814,-1438.95,522.449,-2584,383
8014.32,9.24932,129.814,-1438.95,522.449,-2516,369
8020.15,9.24932,129.814,-1438.95,522.449,-2439,349
8026.23,9.24932,129.814,-1438.95,522.449,-2345,320
8032.13,9.24932,129.814,-1438.95,522.449,-2253,293
8038.15,9.24932,129.814,-1438.95,522.449,-2172,267
8044.29,9.24932,129.814,-1438.95,522.449,-2101,246
8050.29,9.24932,129.814,-1438.95,522.449,-2046,229
8056.3,9.24932,129.814,-1438.95,522.449,-2005,216
8062.3,9.24932,129.814,-1438.95,522.449,-1979,209
8068.26,9.24932,129.814,-1438.95,522.449,-1969,206
8074.19,-39.8724,121.752,220.028,290.149,-1961,203
8080.26,-39.8724,121.752,220.028,290.149,-1945,202
8086.31,-39.8724,121.752,220.028,290.149,-1912,202
8092.32,-39.8724,121.752,220.028,290.149,-1865,202
8098.32,-39.8724,121.752,220.028,290.149,-1804,202
8104.33,-39.8724,121.752,220.028,290.149,-1728,202
8110.33,-39.8724,121.752,220.028,290.149,-1637,202
8116.33,-39.8724,121.752,220.028,290.149,-1546,203
8122.42,-39.8724,121.752,220.028,290.149,-1468,203
8128.37,-39.8724,121.752,220.028,290.149,-1406,204
8134.4,-39.8724,121.752,220.028,290.149,-1356,204
8140.41,-39.8724,121.752,220.028,290.149,-1321,205
8146.42,-39.8724,121.752,220.028,290.149,-1300,206
8152.25,-39.8724,121.752,220.028,290.149,-1292,206
8158.23,-39.8724,121.752,220.028,290.149,-1285,210
8164.4,-83.2158,95.0775,323.893,273.135,-1269,225
8170.46,-83.2158,95.0775,323.893,273.135,-1242,252
8176.46,-83.2158,95.0775,323.893,273.135,-1208,292
8182.44,-83.2158,95.0775,323.893,273.135,-1164,344
8188.47,-83.2158,95.0775,323.893,273.135,-1109,406
8194.49,-83.2158,95.0775,323.893,273.135,-1045,479
8200.35,-83.2158,95.0775,323.893,273.135,-975,561
8206.36,-83.2158,95.0775,323.893,273.135,-892,646
8212.35,-83.2158,95.0775,323.893,273.135,-808,736
8218.26,-83.2158,95.0775,323.893,273.135,-727,823
8224.36,-83.2158,95.0775,323.893,273.135,-648,917
8230.48,-83.2158,95.0775,323.893,273.135,-564,1005
8236.54,-113.712,54.1564,401.587,238.731,-480,1093
8242.29,-113.712,54.1564,401.587,238.731,-403,1175
8248.42,-113.712,54.1564,401.587,238.731,-334,1255
8254.43,-113.712,54.1564,401.587,238.731,-276,1319
8260.43,-113.712,54.1564,401.587,238.731,-226,1370
8266.44,-113.712,54.1564,401.587,238.731,-185,1411
8272.51,-113.712,54.1564,401.587,238.731,-155,1443
8278.51,-113.712,54.1564,401.587,238.731,-135,1465
8284.51,-113.712,54.1564,401.587,238.731,-126,1477
8290.52,-113.712,54.1564,401.587,238.731,-121,1481
8296.51,-113.712,54.1564,401.587,238.731,-108,1481
8302.53,-113.712,54.1564,401.587,238.731,-81,1479
8308.52,-113.712,54.1564,401.587,238.731,-39,1476
8315.34,-113.712,54.1564,401.587,238.731,24,1464
8321.32,-113.712,54.1564,401.587,238.731,94,1447
8327.83,104.88,-31.2838,-1500,234.62,182,1421
8333.51,104.88,-31.2838,-1500,234.62,291,1393
8339.49,104.88,-31.2838,-1500,234.62,403,1360
8345.5,104.88,-31.2838,-1500,234.62,517,1327
8351.5,104.88,-31.2838,-1500,234.62,631,1295
8357.53,104.88,-31.2838,-1500,234.62,733,1265
8363.53,104.88,-31.2838,-1500,234.62,815,1239
8369.47,104.88,-31.2838,-1500,234.62,884,1218
8375.47,104.88,-31.2838,-1500,234.62,946,1201
8381.61,104.88,-31.2838,-1500,234.62,993,1189
8387.6,104.88,-31.2838,-1500,234.62,1022,1180
8393.4,104.88,-31.2838,-1500,234.62,1037,1175
8399.39,104.88,-31.2838,-1500,234.62,1042,1173
8405.65,104.88,-31.2838,-1500,234.62,1054,1172
8411.39,104.88,-31.2838,-1500,234.62,1078,1173
8417.4,-120.257,-46.752,744.382,166.612,1116,1176
8423.39,-120.257,-46.752,744.382,166.612,1169,1183
8429.38,-120.257,-46.752,744.382,166.612,1237,1194
8435.41,-120.257,-46.752,744.382,166.612,1321,1211
8441.5,-120.257,-46.752,744.382,166.612,1420,1235
8447.41,-120.257,-46.752,744.382,166.612,1518,1261
8453.43,-120.257,-46.752,744.382,166.612,1605,1283
8459.51,-120.257,-46.752,744.382,166.612,1680,1303
8465.52,-120.257,-46.752,744.382,166.612,1743,1318
8472.33,-120.257,-46.752,744.382,166.612,1794,1331
8477.86,-120.257,-46.752,744.382,166.612,1822,1338
8483.41,-120.257,-46.752,360.772,140.256,1837,1341
8489.6,-120.257,-46.752,360.772,140.256,1840,1343
8495.59,-120.257,-46.752,360.772,140.256,1836,1343
8501.59,-120.257,-46.752,360.772,140.256,1821,1341
8507.6,-120.257,-46.752,360.772,140.256,1790,1334
8513.63,-120.257,-46.752,360.772,140.256,1740,1318
8519.67,-120.257,-46.752,360.772,140.256,1677,1291
8525.66,-120.257,-46.752,360.772,140.256,1601,1256
8531.57,-120.257,-46.752,360.772,140.256,1519,1217
8537.7,-120.257,-46.752,360.772,140.256,1440,1183
8543.72,-120.257,-46.752,360.772,140.256,1382,1155
8549.6,-120.257,-46.752,360.772,140.256,1337,1134
8557.34,-120.257,-46.752,360.772,140.256,1295,1114
8564.51,-120.257,-46.752,360.772,140.256,1275,1105
8570.49,-120.257,-46.752,360.772,140.256,1266,1102
8576.65,-51.9988,-119.849,44.2361,479.23,1248,1100
8582.65,-51.9988,-119.849,44.2361,479.23,1216,1098
8588.68,-51.9988,-119.849,44.2361,479.23,1169,1097
8594.66,-51.9988,-119.849,44.2361,479.23,1107,1096
8600.66,-51.9988,-119.849,44.2361,479.23,1032,1094
8606.53,-51.9988,-119.849,44.2361,479.23,948,1093
8612.47,-51.9988,-119.849,44.2361,479.23,845,1091
8618.67,-51.9988,-119.849,44.2361,479.23,735,1088
8624.67,-51.9988,-119.849,44.2361,479.23,641,1087
8631.26,-51.9988,-119.849,44.2361,479.23,559,1085
8636.54,-0.552012,-130.144,-1500,414.626,504,1084
8642.7,-0.552012,-130.144,-1500,414.626,451,1083
8648.55,-0.552012,-130.144,-1500,414.626,417,1082
8654.7,-0.552012,-130.144,-1500,414.626,396,1080
8660.7,-0.552012,-130.144,-1500,414.626,388,1078
8666.71,-0.552012,-130.144,-1500,414.626,379,1072
8672.71,-0.552012,-130.144,-1500,414.626,361,1054
8678.74,-0.552012,-130.144,-1500,414.626,332,1025
8684.74,-0.552012,-130.144,-1500,414.626,293,986
8690.8,-0.552012,-130.144,-1500,414.626,244,939
8696.77,-0.552012,-130.144,-1500,414.626,186,879
8702.8,-0.552012,-130.144,-1500,414.626,117,808
8708.73,-0.552012,-130.144,-1500,414.626,41,732
8714.95,-0.552012,-130.144,-1500,414.626,-42,654
8720.54,-0.552012,-130.144,-1500,414.626,-105,592
8726.54,-0.552012,-130.144,-1500,414.626,-161,536
8732.56,-0.552012,-130.144,-1498.34,390.433,-206,490
8738.59,-0.552012,-130.144,-1498.34,390.433,-241,455
8744.62,-0.552012,-130.144,-1498.34,390.433,-266,431
8750.59,-0.552012,-130.144,-1498.34,390.433,-282,417
8756.59,-0.552012,-130.144,-1498.34,390.433,-288,411
8762.64,-0.552012,-130.144,-1498.34,390.433,-286,408
8768.58,-0.552012,-130.144,-1498.34,390.433,-274,406
8774.62,-0.552012,-130.144,-1498.34,390.433,-242,405
8780.78,-0.552012,-130.144,-1498.34,390.433,-187,402
8786.77,-0.552012,-130.144,-1498.34,390.433,-119,399
8792.6,95.0147,-88.3198,-1500,164.133,-40,396
8798.8,95.0147,-88.3198,-1500,164.133,58,393
8804.79,95.0147,-88.3198,-1500,164.133,170,388
8810.66,95.0147,-88.3198,-1500,164.133,280,384
8816.66,95.0147,-88.3198,-1500,164.133,380,378
8822.82,95.0147,-88.3198,-1500,164.133,466,374
8828.8,95.0147,-88.3198,-1500,164.133,537,371
8834.81,95.0147,-88.3198,-1500,164.133,596,367
8840.83,95.0147,-88.3198,-1500,164.133,639,366
8846.78,95.0147,-88.3198,-1500,164.133,665,365
8852.85,95.0147,-88.3198,-1500,164.133,677,364
8858.85,95.0147,-88.3198,-1500,164.133,677,363
8864.85,95.0147,-88.3198,-1500,164.133,669,362
8870.8,95.0147,-88.3198,-1500,164.133,647,360
8876.7,95.0147,-88.3198,-1500,164.133,605,358
8882.81,111.741,-33.741,-1500,10.0485,546,357
8888.92,111.741,-33.741,-1500,10.0485,467,352
8894.93,111.741,-33.741,-1500,10.0485,377,348
8900.88,111.741,-33.741,-1500,10.0485,295,344
8906.82,111.741,-33.741,-1500,10.0485,233,342
8912.89,111.741,-33.741,-1500,10.0485,181,339
8918.9,111.741,-33.741,-1500,10.0485,146,336
8924.89,111.741,-33.741,-1500,10.0485,124,334
8930.94,111.741,-33.741,-1500,10.0485,116,333
8936.94,111.741,-33.741,-1500,10.0485,108,327
8942.95,111.741,-33.741,-1500,10.0485,92,309
8948.88,111.741,-33.741,-1500,10.0485,69,280
8954.76,111.741,-33.741,-1500,10.0485,35,240
8961.01,118.478,9.24751,-1500,10.0485,-9,186
8966.86,118.478,9.24751,-1500,1391.61,-58,122
8972.99,118.478,9.24751,-1500,1391.61,-121,47
8978.96,118.478,9.24751,-1500,1391.61,-189,-39
8984.97,118.478,9.24751,-1500,1391.61,-263,-132
8990.97,118.478,9.24751,-1500,1391.61,-338,-227
8996.89,118.478,9.24751,-1500,1391.61,-405,-312
9003,118.478,9.24751,-1500,1391.61,-467,-385
9008.89,118.478,9.24751,-1500,1391.61,-515,-448
9014.9,118.478,9.24751,-1500,1391.61,-555,-500
9020.8,118.478,9.24751,-1500,1391.61,-586,-539
9026.95,118.478,9.24751,-1500,1391.61,-609,-569
9032.79,118.478,9.24751,-1500,1391.61,-622,-584
9038.98,116.024,54.7801,-1500,1240.92,-630,-592
9044.96,116.024,54.7801,-1500,1240.92,-638,-594
9050.97,116.024,54.7801,-1500,1240.92,-659,-596
9056.97,116.024,54.7801,-1500,1240.92,-697,-600
9062.97,116.024,54.7801,-1500,1240.92,-749,-606
9068.98,116.024,54.7801,-1500,1240.92,-815,-615
9074.98,116.024,54.7801,-1500,1240.92,-894,-624
9081.02,116.024,54.7801,-1500,1240.92,-988,-634
9087.02,116.024,54.7801,-1500,1240.92,-1098,-648
9093.05,116.024,54.7801,-1500,1240.92,-1218,-664
9099.06,116.024,54.7801,-1500,1240.92,-1338,-680
9105.09,116.024,54.7801,-1500,1240.92,-1459,-694
9110.96,116.024,54.7801,-1500,1240.92,-1575,-708
9116.87,116.024,54.7801,-1500,1240.92,-1695,-723
9123.06,84.4642,102.194,-1500,1111.91,-1821,-739
9129.09,84.4642,102.194,-1500,1111.91,-1942,-754
9135.07,84.4642,102.194,-1500,1111.91,-2061,-769
9141.04,84.4642,102.194,-1500,1111.91,-2182,-784
9146.98,84.4642,102.194,-1500,1111.91,-2296,-799
9153.04,84.4642,102.194,-1500,1111.91,-2420,-813
9159.05,84.4642,102.194,-1500,1111.91,-2540,-829
9165.08,84.4642,102.194,-1500,1111.91,-2658,-845
9171.11,84.4642,102.194,-1500,1111.91,-2775,-859
9177.01,84.4642,102.194,-1500,1111.91,-2877,-872
9183.1,84.4642,102.194,-1500,1111.91,-2971,-885
9189.13,84.4642,102.194,-1500,1111.91,-3049,-895
9194.92,84.4642,102.194,-1500,1111.91,-3109,-902
9200.87,84.4642,102.194,-1500,1111.91,-3160,-909
9207.02,34.3421,128.101,-1500,724.52,-3195,-915
9212.94,34.3421,128.101,-1500,724.52,-3214,-917
9218.94,34.3421,128.101,-1500,724.52,-3219,-918
9224.94,34.3421,128.101,-1500,724.52,-3218,-918
9230.95,34.3421,128.101,-1500,724.52,-3211,-918
9236.98,34.3421,128.101,-1500,724.52,-3185,-918
9243.09,34.3421,128.101,-1500,724.52,-3135,-918
9249.09,34.3421,128.101,-1500,724.52,-3069,-916
9255.1,34.3421,128.101,-1500,724.52,-2989,-912
9261.17,34.3421,128.101,-1500,724.52,-2889,-905
9267.15,34.3421,128.101,-1500,724.52,-2773,-891
9273.01,34.3421,128.101,-1500,724.52,-2658,-875
9279.08,34.3421,128.101,-1500,724.52,-2535,-855
9285.08,-21.7779,127.923,172.725,429.608,-2411,-835
9291.15,-21.7779,127.923,172.725,429.608,-2290,-818
9297.02,-21.7779,127.923,172.725,429.608,-2192,-802
9303.15,-21.7779,127.923,172.725,429.608,-2100,-787
9309.15,-21.7779,127.923,172.725,429.608,-2025,-775
9315.15,-21.7779,127.923,172.725,429.608,-1964,-766
9321.21,-21.7779,127.923,172.725,429.608,-1922,-758
9327.19,-21.7779,127.923,172.725,429.608,-1894,-752
9333.21,-21.7779,127.923,172.725,429.608,-1878,-749
9339.27,-21.7779,127.923,172.725,429.608,-1876,-747
9345.22,-21.7779,127.923,172.725,429.608,-1882,-747
9351.13,-21.7779,127.923,172.725,429.608,-1900,-747
9357.02,-21.7779,127.923,172.725,429.608,-1939,-747
9363.14,-79.5797,98.9681,349.125,339.867,-1996,-749
9369.25,-79.5797,98.9681,349.125,339.867,-2072,-754
9375.14,-79.5797,98.9681,349.125,339.867,-2155,-762
9381.2,-79.5797,98.9681,349.125,339.867,-2260,-775
9387.2,-79.5797,98.9681,349.125,339.867,-2374,-794
9393.21,-79.5797,98.9681,349.125,339.867,-2491,-816
9399.21,-79.5797,98.9681,349.125,339.867,-2599,-835
9405.21,-79.5797,98.9681,349.125,339.867,-2693,-853
9411.27,-79.5797,98.9681,349.125,339.867,-2774,-868
9417.17,-79.5797,98.9681,349.125,339.867,-2838,-881
9423.17,-79.5797,98.9681,349.125,339.867,-2890,-891
9429.08,-79.5797,98.9681,349.125,339.867,-2928,-898
9435.08,-79.5797,98.9681,349.125,339.867,-2953,-903
9441.01,-114.158,50.4039,406.722,414.617,-2964,-907
9447.11,-114.158,50.4039,406.722,414.617,-2966,-907
9453.1,-114.158,50.4039,406.722,414.617,-2965,-903
9459.11,-114.158,50.4039,406.722,414.617,-2963,-887
9465.25,-114.158,50.4039,406.722,414.617,-2953,-848
9471.25,-114.158,50.4039,406.722,414.617,-2934,-789
9477.24,-114.158,50.4039,406.722,414.617,-2903,-715
9483.25,-114.158,50.4039,406.722,414.617,-2865,-629
9489.15,-114.158,50.4039,406.722,414.617,-2832,-554
9495.27,-114.158,50.4039,406.722,414.617,-2800,-487
9501.23,-114.158,50.4039,406.722,414.617,-2777,-434
9507.31,-114.158,50.4039,406.722,414.617,-2758,-392
9513.15,-114.158,50.4039,406.722,414.617,-2745,-364
9519.51,-123.218,-7.85111,406.722,414.617,-2739,-348
9525.24,-123.218,-7.85111,386.636,622.982,-2738,-343
9531.25,-123.218,-7.85111,386.636,622.982,-2742,-343
9537.34,-123.218,-7.85111,386.636,622.982,-2761,-342
9543.35,-123.218,-7.85111,386.636,622.982,-2802,-343
9549.35,-123.218,-7.85111,386.636,622.982,-2860,-343
9555.36,-123.218,-7.85111,386.636,622.982,-2933,-343
9561.37,-123.218,-7.85111,386.636,622.982,-3022,-344
9567.39,-123.218,-7.85111,386.636,622.982,-3124,-346
9573.36,-123.218,-7.85111,386.636,622.982,-3222,-348
9579.38,-123.218,-7.85111,386.636,622.982,-3302,-350
9585.39,-123.218,-7.85111,386.636,622.982,-3369,-352
9591.29,-123.218,-7.85111,386.636,622.982,-3421,-354
9597.19,-123.218,-7.85111,386.636,622.982,-3460,-356
9603.29,-107.081,-69.4695,290.896,324.289,-3489,-359
9609.41,-107.081,-69.4695,290.896,324.289,-3503,-361
9615.31,-107.081,-69.4695,290.896,324.289,-3504,-361
9621.21,-107.081,-69.4695,290.896,324.289,-3503,-359
9627.36,-107.081,-69.4695,290.896,324.289,-3493,-349
9633.24,-107.081,-69.4695,290.896,324.289,-3468,-329
9639.39,-107.081,-69.4695,290.896,324.289,-3422,-292
9645.37,-107.081,-69.4695,290.896,324.289,-3359,-245
9651.32,-107.081,-69.4695,290.896,324.289,-3286,-190
9657.38,-107.081,-69.4695,290.896,324.289,-3193,-126
9663.39,-107.081,-69.4695,290.896,324.289,-3108,-58
9669.34,-107.081,-69.4695,290.896,324.289,-3038,3
9675.27,-107.081,-69.4695,290.896,324.289,-2974,53
9681.4,-70.0185,-110.317,137.428,410.994,-2917,97
9687.41,-70.0185,-110.317,137.428,410.994,-2874,129
9693.41,-70.0185,-110.317,137.428,410.994,-2844,151
9699.44,-70.0185,-110.317,137.428,410.994,-2826,162
9705.41,-70.0185,-110.317,137.428,410.994,-2819,166
9711.46,-70.0185,-110.317,137.428,410.994,-2819,166
9717.46,-70.0185,-110.317,137.428,410.994,-2826,163
9723.47,-70.0185,-110.317,137.428,410.994,-2844,149
9729.38,-70.0185,-110.317,137.428,410.994,-2873,127
9735.48,-70.0185,-110.317,137.428,410.994,-2900,105
9741.5,-70.0185,-110.317,137.428,410.994,-2917,90
9747.46,-70.0185,-110.317,137.428,410.994,-2924,83
9753.3,-70.0185,-110.317,137.428,410.994,-2934,81
9759.27,-70.0185,-110.317,137.428,410.994,-2956,77
9765.31,-12.1471,-128.287,-64.5751,416.23,-2992,70
9771.3,-12.1471,-128.287,-64.5751,416.23,-3042,60
9777.31,-12.1471,-128.287,-64.5751,416.23,-3106,48
9783.33,-12.1471,-128.287,-64.5751,416.23,-3187,32
9789.34,-12.1471,-128.287,-64.5751,416.23,-3272,14
9795.31,-12.1471,-128.287,-64.5751,416.23,-3351,-3
9801.31,-12.1471,-128.287,-64.5751,416.23,-3416,-16
9807.28,-12.1471,-128.287,-64.5751,416.23,-3467,-27
9813.48,-12.1471,-128.287,-64.5751,416.23,-3508,-36
9819.52,-12.1471,-128.287,-64.5751,416.23,-3531,-42
9825.49,-12.1471,-128.287,-64.5751,416.23,-3542,-44
9831.34,-12.1471,-128.287,-64.5751,416.23,-3543,-43
9837.34,40.9306,-123.358,-1500,360.097,-3543,-37
9843.45,40.9306,-123.358,-1500,360.097,-3542,-14
9849.51,40.9306,-123.358,-1500,360.097,-3536,30
9855.39,40.9306,-123.358,-1500,360.097,-3522,89
9861.52,40.9306,-123.358,-1500,360.097,-3497,166
9867.53,40.9306,-123.358,-1500,360.097,-3467,253
9873.53,40.9306,-123.358,-1500,360.097,-3433,355
9879.53,40.9306,-123.358,-1500,360.097,-3390,471
9885.53,40.9306,-123.358,-1500,360.097,-3344,587
9891.5,40.9306,-123.358,-1500,360.097,-3302,701
9897.58,40.9306,-123.358,-1500,360.097,-3253,816
9903.59,40.9306,-123.358,-1500,360.097,-3207,933
9909.5,40.9306,-123.358,-1500,360.097,-3165,1045
9915.4,40.9306,-123.358,-1500,360.097,-3126,1146
9921.39,84.1823,-100.12,-1500,258.896,-3092,1242
9927.56,84.1823,-100.12,-1500,258.896,-3064,1325
9933.57,84.1823,-100.12,-1500,258.896,-3041,1388
9939.57,84.1823,-100.12,-1500,258.896,-3022,1438
9945.58,84.1823,-100.12,-1500,258.896,-3006,1476
9951.58,84.1823,-100.12,-1500,258.896,-2995,1503
9957.44,84.1823,-100.12,-1500,258.896,-2989,1515
9963.59,84.1823,-100.12,-1500,258.896,-2983,1521
9969.59,84.1823,-100.12,-1500,258.896,-2968,1535
9975.59,84.1823,-100.12,-1500,258.896,-2944,1558
9981.65,84.1823,-100.12,-1500,258.896,-2909,1591
9987.62,84.1823,-100.12,-1500,258.896,-2863,1635
9993.47,84.1823,-100.12,-1500,258.896,-2809,1687
9999.49,84.1823,-100.12,-1500,258.896,-2743,1749
10005.6,116.641,-61.093,-1500,111.429,-2670,1824
10011.6,116.641,-61.093,-1500,111.429,-2596,1898
10017.6,116.641,-61.093,-1500,111.429,-2532,1964
10023.6,116.641,-61.093,-1500,111.429,-2478,2017
10029.6,116.641,-61.093,-1500,111.429,-2432,2060
10035.5,116.641,-61.093,-1500,111.429,-2399,2092
10041.6,116.641,-61.093,-1500,111.429,-2375,2111
10047.6,116.641,-61.093,-1500,111.429,-2362,2122
10053.6,116.641,-61.093,-1500,111.429,-2356,2126
10059.7,116.641,-61.093,-1500,111.429,-2344,2128
10065.7,116.641,-61.093,-1500,111.429,-2318,2129
10071.5,116.641,-61.093,-1500,111.429,-2279,2130
10077.5,130.68,-14.8094,-1500,-48.721,-2224,2130
10083.7,130.68,-14.8094,-1500,-48.721,-2149,2132
10089.7,130.68,-14.8094,-1500,-48.721,-2063,2133
10095.7,130.68,-14.8094,-1500,-48.721,-1962,2134
10101.7,130.68,-14.8094,-1500,-48.721,-1848,2136
10107.7,130.68,-14.8094,-1500,-48.721,-1728,2137
10113.7,130.68,-14.8094,-1500,-48.721,-1610,2139
10119.7,130.68,-14.8094,-1500,-48.721,-1505,2140
10125.7,130.68,-14.8094,-1500,-48.721,-1416,2141
10131.8,130.68,-14.8094,-1500,-48.721,-1341,2142
10137.7,130.68,-14.8094,-1500,-48.721,-1281,2143
10143.7,130.68,-14.8094,-1500,-48.721,-1233,2144
10149.7,130.68,-14.8094,-1500,-48.721,-1203,2145
10155.6,130.68,-14.8094,-1500,-48.721,-1185,2146
10161.6,126.792,34.3333,-1500,1308.94,-1179,2146
10167.8,126.792,34.3333,-1500,1308.94,-1167,2146
10173.7,126.792,34.3333,-1500,1308.94,-1142,2146
10179.8,126.792,34.3333,-1500,1308.94,-1102,2146
10185.8,126.792,34.3333,-1500,1308.94,-1047,2145
10191.8,126.792,34.3333,-1500,1308.94,-978,2142
10197.7,126.792,34.3333,-1500,1308.94,-896,2136
10203.8,126.792,34.3333,-1500,1308.94,-793,2126
10209.8,126.792,34.3333,-1500,1308.94,-683,2110
10215.8,126.792,34.3333,-1500,1308.94,-566,2090
10221.8,126.792,34.3333,-1500,1308.94,-444,2068
10227.7,126.792,34.3333,-1500,1308.94,-331,2047
10235.8,126.792,34.3333,-1500,1308.94,-177,2022
10242.5,105.081,78.0245,-1500,1185.28,-68,2003
10248.8,105.081,78.0245,-1500,1185.28,18,1988
10254.8,105.081,78.0245,-1500,1185.28,82,1974
10260.7,105.081,78.0245,-1500,1185.28,134,1965
10266.7,105.081,78.0245,-1500,1185.28,175,1958
10272.8,105.081,78.0245,-1500,1185.28,203,1952
10278.8,105.081,78.0245,-1500,1185.28,213,1949
10284.9,105.081,78.0245,-1500,1185.28,220,1946
10290.9,105.081,78.0245,-1500,1185.28,237,1939
10296.8,105.081,78.0245,-1500,1185.28,266,1926
10302.9,105.081,78.0245,-1500,1185.28,311,1909
10308.9,105.081,78.0245,-1500,1185.28,368,1886
10314.7,105.081,78.0245,-1500,1185.28,435,1859
10321.2,65.4676,112.243,-1500,987.567,525,1822
10326.8,65.4676,112.243,-1500,987.567,623,1786
10332.8,65.4676,112.243,-1500,987.567,734,1744
10338.9,65.4676,112.243,-1500,987.567,842,1705
10344.9,65.4676,112.243,-1500,987.567,935,1671
10350.9,65.4676,112.243,-1500,987.567,1016,1640
10356.9,65.4676,112.243,-1500,987.567,1083,1614
10362.9,65.4676,112.243,-1500,987.567,1132,1595
10368.8,65.4676,112.243,-1500,987.567,1166,1581
10374.8,65.4676,112.243,-1500,987.567,1189,1571
10380.8,65.4676,112.243,-1500,987.567,1202,1567
10386.9,65.4676,112.243,-1500,987.567,1202,1564
10392.8,65.4676,112.243,-1500,987.567,1197,1555
10399.8,65.4676,112.243,-1500,987.567,1174,1536
10405.8,96.6165,-13.4564,-1500,263.563,1134,1512
10411.9,96.6165,-13.4564,-1500,263.563,1074,1481
10417.9,96.6165,-13.4564,-1500,263.563,1012,1445
10423.9,96.6165,-13.4564,-1500,263.563,959,1415
10429.8,96.6165,-13.4564,-1500,263.563,919,1393
10435.9,96.6165,-13.4564,-1500,263.563,889,1377
10441.8,96.6165,-13.4564,-1500,263.563,872,1369
10447.9,96.6165,-13.4564,-1500,263.563,867,1367
10453.9,96.6165,-13.4564,-1500,263.563,870,1367
10459.9,96.6165,-13.4564,-1500,263.563,882,1367
10465.9,96.6165,-13.4564,-1500,263.563,917,1370
10471.9,96.6165,-13.4564,-1500,263.563,968,1375
10477.8,96.6165,-13.4564,-1500,263.563,1036,1384
10483.9,96.6165,-13.4564,-1500,263.563,1118,1401
10489.9,96.3906,-12.8599,-1500,37.5146,1213,1422
10495.9,96.3906,-12.8599,-1500,37.5146,1330,1449
10501.9,96.3906,-12.8599,-1500,37.5146,1448,1477
10507.9,96.3906,-12.8599,-1500,37.5146,1553,1503
10513.8,96.3906,-12.8599,-1500,37.5146,1640,1525
10520,96.3906,-12.8599,-1500,37.5146,1724,1544
10526,96.3906,-12.8599,-1500,37.5146,1788,1560
10531.9,96.3906,-12.8599,-1500,37.5146,1835,1572
10538,96.3906,-12.8599,-1500,37.5146,1871,1580
10544,96.3906,-12.8599,-1500,37.5146,1890,1586
10550,96.3906,-12.8599,-1500,37.5146,1897,1589
10556.8,96.3906,-12.8599,-1500,37.5146,1896,1587
10562.8,96.3906,-12.8599,-1500,37.5146,1890,1579
10568.8,-76.5064,102.183,569.588,636.748,1874,1557
10575,-76.5064,102.183,569.588,636.748,1846,1515
10580.9,-76.5064,102.183,569.588,636.748,1810,1462
10587,-76.5064,102.183,569.588,636.748,1766,1398
10592.9,-76.5064,102.183,569.588,636.748,1732,1349
10599,-76.5064,102.183,569.588,636.748,1702,1308
10605,-76.5064,102.183,569.588,636.748,1682,1279
10611.1,-76.5064,102.183,569.588,636.748,1672,1263
10617,-76.5064,102.183,569.588,636.748,1669,1258
10623.1,-76.5064,102.183,569.588,636.748,1671,1252
10629,-76.5064,102.183,569.588,636.748,1683,1241
10634.9,-76.5064,102.183,569.588,636.748,1710,1226
10640.8,-76.5064,102.183,569.588,636.748,1757,1204
10647,-76.5064,102.183,569.588,636.748,1820,1175
10652.9,-106.325,71.6201,370.788,976.675,1894,1142
10658.9,-106.325,71.6201,370.788,976.675,1979,1103
10664.9,-106.325,71.6201,370.788,976.675,2063,1066
10671.1,-106.325,71.6201,370.788,976.675,2137,1032
10677.1,-106.325,71.6201,370.788,976.675,2193,1006
10683,-106.325,71.6201,370.788,976.675,2234,987
10688.9,-106.325,71.6201,370.788,976.675,2263,974
10695.1,-106.325,71.6201,370.788,976.675,2279,967
10701.1,-106.325,71.6201,370.788,976.675,2283,964
10707.1,-106.325,71.6201,370.788,976.675,2279,959
10713.1,-106.325,71.6201,370.788,976.675,2266,948
10719.9,-106.325,71.6201,370.788,976.675,2228,926
10726.1,-106.325,71.6201,370.788,976.675,2179,897
10731.9,-124.726,32.0329,410.406,913.372,2115,866
10738.1,-124.726,32.0329,410.406,913.372,2034,824
10744.1,-124.726,32.0329,410.406,913.372,1944,781
10750.1,-124.726,32.0329,410.406,913.372,1858,740
10756.1,-124.726,32.0329,410.406,913.372,1786,704
10762.1,-124.726,32.0329,410.406,913.372,1730,674
10768.1,-124.726,32.0329,410.406,913.372,1683,651
10774.1,-124.726,32.0329,410.406,913.372,1651,634
10780.1,-124.726,32.0329,410.406,913.372,1631,624
10786.2,-124.726,32.0329,410.406,913.372,1622,620
10792.1,-124.726,32.0329,410.406,913.372,1611,619
10798,-124.726,32.0329,410.406,913.372,1588,618
10804,87.159,-8.72619,-1500,1040.71,1550,618
10810.1,87.159,-8.72619,-1500,1040.71,1503,617
10816,87.159,-8.72619,-1500,1040.71,1462,616
10822,87.159,-8.72619,-1500,1040.71,1437,616
10827.9,87.159,-8.72619,-1500,1040.71,1427,615
10834,87.159,-8.72619,-1500,1040.71,1419,615
10840,87.159,-8.72619,-1500,1040.71,1400,615
10846,87.159,-8.72619,-1500,1040.71,1366,615
10852,87.159,-8.72619,-1500,1040.71,1319,615
10858,87.159,-8.72619,-1500,1040.71,1256,616
10864,87.159,-8.72619,-1500,1040.71,1176,617
10869.9,87.159,-8.72619,-1500,1040.71,1081,620
10876,-120.7,-47.1809,799.161,222.4,977,622
10882,-120.7,-47.1809,799.161,222.4,875,626
10888.1,-120.7,-47.1809,799.161,222.4,781,631
10894.1,-120.7,-47.1809,799.161,222.4,703,636
10900.2,-120.7,-47.1809,799.161,222.4,641,642
10906.2,-120.7,-47.1809,799.161,222.4,593,645
10912.3,-120.7,-47.1809,799.161,222.4,563,649
10918.3,-120.7,-47.1809,799.161,222.4,547,652
10924.3,-120.7,-47.1809,799.161,222.4,541,653
10930.2,-120.7,-47.1809,799.161,222.4,536,651
10936.3,-120.7,-47.1809,799.161,222.4,527,639
10942.3,-120.7,-47.1809,799.161,222.4,516,609
10948.3,-120.7,-47.1809,799.161,222.4,499,560
10954.1,-120.7,-47.1809,799.161,222.4,475,496
10960.2,-120.7,-47.1809,799.161,222.4,446,412
10966.2,-101.685,-80.1052,272.709,296.323,415,317
10972.3,-101.685,-80.1052,272.709,296.323,378,209
10978.3,-101.685,-80.1052,272.709,296.323,340,93
10984.3,-101.685,-80.1052,272.709,296.323,302,-22
10990.3,-101.685,-80.1052,272.709,296.323,264,-139
10996.3,-101.685,-80.1052,272.709,296.323,228,-255
11002.3,-101.685,-80.1052,272.709,296.323,197,-358
11008.3,-101.685,-80.1052,272.709,296.323,168,-449
11014.3,-101.685,-80.1052,272.709,296.323,144,-526
11020.3,-101.685,-80.1052,272.709,296.323,123,-589
11026.3,-101.685,-80.1052,272.709,296.323,108,-639
11032.3,-101.685,-80.1052,272.709,296.323,95,-675
11038.1,-101.685,-80.1052,272.709,296.323,88,-696
11044.3,-74.4548,-105.365,172.29,363.474,84,-705
11050.3,-74.4548,-105.365,172.29,363.474,80,-713
11056.4,-74.4548,-105.365,172.29,363.474,69,-729
11062.3,-74.4548,-105.365,172.29,363.474,52,-760
11068.1,-74.4548,-105.365,172.29,363.474,29,-802
11074.2,-74.4548,-105.365,172.29,363.474,-2,-858
11080.2,-74.4548,-105.365,172.29,363.474,-41,-929
11086.4,-74.4548,-105.365,172.29,363.474,-89,-1015
11092.2,-74.4548,-105.365,172.29,363.474,-135,-1101
11098.2,-74.4548,-105.365,172.29,363.474,-180,-1182
11104.2,-74.4548,-105.365,172.29,363.474,-217,-1251
11110.3,-74.4548,-105.365,172.29,363.474,-249,-1310
11116.3,-74.4548,-105.365,172.29,363.474,-273,-1353
11122.2,-42.695,-122.342,65.2882,400.591,-291,-1383
11128.4,-42.695,-122.342,65.2882,400.591,-302,-1403
11134.4,-42.695,-122.342,65.2882,400.591,-306,-1411
11140.4,-42.695,-122.342,65.2882,400.591,-313,-1418
11146.4,-42.695,-122.342,65.2882,400.591,-328,-1435
11152.4,-42.695,-122.342,65.2882,400.591,-352,-1461
11158.4,-42.695,-122.342,65.2882,400.591,-389,-1497
11164.4,-42.695,-122.342,65.2882,400.591,-435,-1545
11170.4,-42.695,-122.342,65.2882,400.591,-489,-1604
11176.4,-42.695,-122.342,65.2882,400.591,-555,-1672
11182.4,-42.695,-122.342,65.2882,400.591,-613,-1739
11188.4,-42.695,-122.342,65.2882,400.591,-666,-1796
11194.2,-42.695,-122.342,65.2882,400.591,-710,-1841
11200.3,-42.695,-122.342,65.2882,400.591,-745,-1877
11206.4,-7.36924,-129.375,-1500,400.635,-769,-1900
11212.4,-7.36924,-129.375,-1500,400.635,-782,-1913
11218.4,-7.36924,-129.375,-1500,400.635,-786,-1917
